speakerid_x,age,age_onset,L1,L1_coded,sex,Eng_experience,typology,vowels,WER,MER,norm_area
1422,21,13,Arabic,1,0,82,0,6,0.47826087,0.452054795,500.472517
1458,39,16,Arabic,1,0,79,0,6,0.347826087,0.311688312,837.62135
1920,22,21,Arabic,1,0,71,0,6,0.231884058,0.222222222,496.145976
970,40,7,Arabic,1,0,93,0,6,0.217391304,0.202702703,630.641616
2086,57,12,Arabic,1,1,83,0,6,0.217391304,0.2,873.404279
1421,25,7,Arabic,1,0,93,0,6,0.202898551,0.189189189,397.436605
2036,23,12,Arabic,1,1,83,0,6,0.188405797,0.183098592,1662.60752
20,21,14.5,Arabic,1,0,81,0,6,0.188405797,0.185714286,721.414639
1116,19,17,Arabic,1,0,79,0,6,0.188405797,0.183098592,898.930691
17,24,9,Arabic,1,0,91,0,6,0.173913043,0.169014085,680.690566
1901,25,11,Arabic,1,0,84,0,6,0.173913043,0.157894737,1278.30719
1181,47,12,Arabic,1,1,83,0,6,0.173913043,0.166666667,1129.55957
1405,22,5,Arabic,1,0,96,0,6,0.15942029,0.150684932,480.723308
1115,30,12,Arabic,1,0,83,0,6,0.15942029,0.157142857,1190.16991
1461,36,22,Arabic,1,0,69,0,6,0.15942029,0.157142857,836.59112
1012,43,14,Arabic,1,1,81,0,6,0.144927536,0.138888889,1281.9923
1784,50,14,Arabic,1,0,81,0,6,0.144927536,0.142857143,4679.4068
437,40,33,Arabic,1,0,55,0,6,0.144927536,0.136986301,734.388103
2154,19,4,Arabic,1,1,96,0,6,0.130434783,0.125,1601.74988
18,19,6,Arabic,1,0,94,0,6,0.130434783,0.126760563,1259.30944
1459,29,12,Arabic,1,0,83,0,6,0.130434783,0.130434783,1570.48243
11,38,12,Arabic,1,1,83,0,6,0.130434783,0.128571429,1612.42961
1391,56,16,Arabic,1,0,79,0,6,0.130434783,0.130434783,859.392249
1700,34,9,Arabic,1,0,91,0,6,0.115942029,0.111111111,1897.41719
920,23,10,Arabic,1,1,90,0,6,0.115942029,0.115942029,1010.19206
1778,32,10,Arabic,1,1,90,0,6,0.115942029,0.114285714,2226.15512
2087,36,10,Arabic,1,0,90,0,6,0.115942029,0.114285714,691.982884
1204,28,11,Arabic,1,1,84,0,6,0.115942029,0.111111111,1243.49543
428,47,11,Arabic,1,0,84,0,6,0.115942029,0.114285714,714.516355
1810,55,15,Arabic,1,1,80,0,6,0.115942029,0.112676056,1138.71781
1768,19,18,Arabic,1,0,78,0,6,0.115942029,0.114285714,1783.97192
2022,35,19,Arabic,1,1,77,0,6,0.115942029,0.111111111,1898.25501
2155,19,4,Arabic,1,1,96,0,6,0.101449275,0.1,2047.20854
1832,20,11,Arabic,1,1,85,0,6,0.101449275,0.1,1512.33544
2112,27,10,Arabic,1,1,90,0,6,0.086956522,0.084507042,1982.12078
1769,28,10,Arabic,1,1,90,0,6,0.086956522,0.084507042,1027.7754
2159,40,10,Arabic,1,1,90,0,6,0.086956522,0.085714286,1919.12298
2005,49,10,Arabic,1,1,90,0,6,0.086956522,0.085714286,1852.44261
1456,32,12,Arabic,1,1,83,0,6,0.086956522,0.085714286,1438.09197
643,36,12,Arabic,1,0,83,0,6,0.086956522,0.086956522,1270.30624
1457,28,13,Arabic,1,0,82,0,6,0.086956522,0.085714286,1221.6089
471,22,16,Arabic,1,0,79,0,6,0.086956522,0.085714286,360.657772
22,21,17,Arabic,1,0,78,0,6,0.086956522,0.085714286,1250.49758
625,43,18,Arabic,1,0,77,0,6,0.086956522,0.085714286,1658.53445
539,18,6,Arabic,1,0,95,0,6,0.072463768,0.072463768,1494.66589
1702,55,9,Arabic,1,0,91,0,6,0.072463768,0.070422535,449.761701
1899,24,13,Arabic,1,1,82,0,6,0.072463768,0.071428571,1158.08245
1393,18,16,Arabic,1,0,80,0,6,0.072463768,0.072463768,741.900377
1785,43,22,Arabic,1,0,68,0,6,0.072463768,0.070422535,10.1865491
1569,70,33,Arabic,1,0,52,0,6,0.072463768,0.070422535,785.762663
12,26,5,Arabic,1,0,95,0,6,0.057971014,0.054794521,1248.73993
1392,36,6,Arabic,1,0,94,0,6,0.057971014,0.057971014,783.610685
1133,19,8,Arabic,1,1,93,0,6,0.057971014,0.057142857,1327.11957
2160,21,10,Arabic,1,0,91,0,6,0.057971014,0.057971014,1473.65067
927,42,13,Arabic,1,0,82,0,6,0.057971014,0.057142857,1282.27989
21,18,15,Arabic,1,1,80.5,0,6,0.057971014,0.057142857,1222.56952
1827,47,16,Arabic,1,0,79,0,6,0.057971014,0.057142857,340.466923
2153,21,7,Arabic,1,0,93,0,6,0.043478261,0.042253521,904.586199
1455,29,7,Arabic,1,1,93,0,6,0.043478261,0.042857143,1202.50363
1460,26,8,Arabic,1,0,92,0,6,0.043478261,0.043478261,894.653069
1426,29,8,Arabic,1,1,92,0,6,0.043478261,0.043478261,1396.79268
1013,70,10,Arabic,1,0,90,0,6,0.043478261,0.042857143,1465.6234
1203,42,12,Arabic,1,0,83,0,6,0.043478261,0.043478261,956.895622
1420,19,13,Arabic,1,0,83,0,6,0.043478261,0.043478261,750.800032
1711,60,14,Arabic,1,0,81,0,6,0.043478261,0.043478261,1549.69723
15,25,15,Arabic,1,0,80,0,6,0.043478261,0.043478261,1152.172
16,18,2.5,Arabic,1,0,98,0,6,0.028985507,0.028571429,724.255542
1897,19,3,Arabic,1,1,97.5,0,6,0.028985507,0.028985507,959.951338
2008,19,4,Arabic,1,1,96,0,6,0.028985507,0.028985507,1616.93869
1805,20,6,Arabic,1,0,94,0,6,0.028985507,0.028985507,2036.93741
2114,24,9,Arabic,1,1,91,0,6,0.028985507,0.028169014,1991.01193
14,32,11,Arabic,1,0,84,0,6,0.028985507,0.028985507,1725.96031
1927,26,12,Arabic,1,1,83,0,6,0.028985507,0.028571429,1416.514
1917,42,12,Arabic,1,0,83,0,6,0.028985507,0.028985507,2254.49907
13,30,14,Arabic,1,1,81,0,6,0.028985507,0.028985507,1520.49029
2157,25,16,Arabic,1,1,79,0,6,0.028985507,0.028985507,1975.73958
1914,22,17,Arabic,1,0,78,0,6,0.028985507,0.028571429,1026.3276
1526,36,17,Arabic,1,0,78,0,6,0.028985507,0.028571429,1843.29653
1828,29,21,Arabic,1,1,69,0,6,0.028985507,0.028571429,1794.02783
2161,22,3,Arabic,1,0,97,0,6,0.014492754,0.014492754,4.15922863
1870,18,4,Arabic,1,0,97,0,6,0.014492754,0.014492754,2151.2245
1892,25,4,Arabic,1,0,96,0,6,0.014492754,0.014285714,94.810149
23,28,4,Arabic,1,1,96,0,6,0.014492754,0.014492754,2234.78414
1011,38,5,Arabic,1,0,95,0,6,0.014492754,0.014285714,691.189443
1777,23,6,Arabic,1,0,94,0,6,0.014492754,0.014492754,954.174274
1487,21,9,Arabic,1,1,91,0,6,0.014492754,0.014492754,1462.23919
2143,31,10,Arabic,1,1,90,0,6,0.014492754,0.014492754,2607.45484
1677,43,12,Arabic,1,0,83,0,6,0.014492754,0.014492754,50.8884351
1963,24,14,Arabic,1,1,82,0,6,0.014492754,0.014492754,1190.7372
19,19,15,Arabic,1,1,80,0,6,0.014492754,0.014492754,1956.46264
512,35,15,Arabic,1,0,80,0,6,0.014492754,0.014492754,1196.11365
1699,28,17,Arabic,1,1,78,0,6,0.014492754,0.014492754,1027.49212
1885,26,2,Arabic,1,1,98,0,6,0,0,942.193326
1964,28,3,Arabic,1,0,97,0,6,0,0,1776.89707
1894,18,4,Arabic,1,1,96,0,6,0,0,1709.57224
1253,34,6,Arabic,1,1,94,0,6,0,0,988.316962
1753,20,7,Arabic,1,0,94,0,6,0,0,1239.33227
1565,22,7,Arabic,1,0,93,0,6,0,0,2386.68737
1841,47,7,Arabic,1,1,93,0,6,0,0,1884.22475
1394,19,9,Arabic,1,1,92,0,6,0,0,1677.69359
1486,23,12,Arabic,1,0,84,0,6,0,0,888.057458
670,46,30,Arabic,1,1,68,0,6,0,0,1711.22065
537,19,6,Dutch,6,0,98,0,13,0.072463768,0.072463768,456.694618
1223,23,10,Dutch,6,0,90,0,13,0.072463768,0.072463768,1543.27108
956,36,10,Dutch,6,0,90,0,13,0.072463768,0.071428571,1844.76235
1473,21,13,Dutch,6,1,82,0,13,0.072463768,0.071428571,1251.68099
1464,21,14,Dutch,6,0,81,0,13,0.072463768,0.067567568,1874.70383
1551,36,8,Dutch,6,0,92,0,13,0.057971014,0.057142857,1019.95077
743,18,10,Dutch,6,0,91,0,13,0.057971014,0.057971014,1484.19719
57,38,13,Dutch,6,0,82,0,13,0.057971014,0.057971014,3068.61307
1517,41,13,Dutch,6,0,82,0,13,0.057971014,0.057142857,961.974423
1263,22,11,Dutch,6,1,84,0,13,0.043478261,0.043478261,1792.6138
1740,21,12,Dutch,6,1,83,0,13,0.043478261,0.043478261,1924.32736
1265,21,13,Dutch,6,1,82,0,13,0.043478261,0.043478261,1192.37531
770,54,13,Dutch,6,1,82,0,13,0.043478261,0.043478261,1366.18395
1742,22,2,Dutch,6,0,86,0,13,0.028985507,0.028571429,826.911121
1275,22,8,Dutch,6,0,93,0,13,0.028985507,0.028985507,1418.33297
1261,21,12,Dutch,6,1,84,0,13,0.028985507,0.028985507,1411.09956
1476,21,12,Dutch,6,1,83,0,13,0.028985507,0.028985507,1310.47297
1743,22,12,Dutch,6,1,83,0,13,0.028985507,0.028985507,1184.75834
896,35,12,Dutch,6,1,83,0,13,0.028985507,0.028985507,1805.19275
897,68,12,Dutch,6,1,83,0,13,0.028985507,0.028571429,813.548113
1262,23,14,Dutch,6,0,81,0,13,0.028985507,0.028985507,768.945651
58,41,14,Dutch,6,0,81,0,13,0.028985507,0.028985507,656.045403
1482,22,10,Dutch,6,1,90,0,13,0.014492754,0.014492754,1180.0505
1479,21,11,Dutch,6,1,85,0,13,0.014492754,0.014492754,1354.97407
2115,37,11,Dutch,6,1,84,0,13,0.014492754,0.014492754,1295.21907
1260,23,12,Dutch,6,1,83,0,13,0.014492754,0.014492754,2349.47348
913,39,12,Dutch,6,0,83,0,13,0.014492754,0.014492754,1485.60916
1274,21,13,Dutch,6,1,82,0,13,0.014492754,0.014492754,1533.50543
1268,23,13,Dutch,6,0,82,0,13,0.014492754,0.014492754,1464.41127
1270,23,13,Dutch,6,1,82,0,13,0.014492754,0.014492754,1714.08579
1271,23,13,Dutch,6,1,82,0,13,0.014492754,0.014492754,1983.35863
1269,23,14,Dutch,6,1,81,0,13,0.014492754,0.014492754,715.567825
1300,29,7,Dutch,6,0,94,0,13,0,0,1153.35108
1466,22,9,Dutch,6,1,92,0,13,0,0,81.7844758
1484,25,9,Dutch,6,0,91,0,13,0,0,1021.07002
1003,33,10,Dutch,6,1,90,0,13,0,0,1788.98657
847,46,10,Dutch,6,1,90,0,13,0,0,1439.66723
1705,21,11,Dutch,6,0,84,0,13,0,0,9.78104959
1481,21,12,Dutch,6,1,83,0,13,0,0,1558.36703
1004,35,12,Dutch,6,1,83,0,13,0,0,2521.30772
1264,21,13,Dutch,6,1,83,0,13,0,0,1639.08288
1266,23,13,Dutch,6,1,82,0,13,0,0,1502.3434
1463,23,13,Dutch,6,1,82,0,13,0,0,1554.22415
1462,21,14,Dutch,6,1,82,0,13,0,0,1282.01888
1468,22,14,Dutch,6,1,81,0,13,0,0,20.1444706
929,41,14,Dutch,6,0,81,0,13,0,0,129.459039
633,32,12,French,7,0,83,0,12,0.231884058,0.228571429,177.763004
1643,22,10,French,7,0,90,0,12,0.202898551,0.197183099,713.645282
811,20,9,French,7,0,92,0,12,0.173913043,0.169014085,1019.04798
1062,28,15,French,7,0,81,0,12,0.130434783,0.128571429,287.720722
1945,20,11,French,7,1,85,0,12,0.115942029,0.115942029,872.573269
1427,28,13,French,7,0,83,0,12,0.115942029,0.115942029,710.791048
628,19,12,French,7,0,84,0,12,0.101449275,0.101449275,680.783743
1662,66,12,French,7,1,83,0,12,0.101449275,0.1,676.092289
1306,42,14,French,7,0,81,0,12,0.072463768,0.072463768,1041.6612
1938,20,5,French,7,1,86,0,12,0.057971014,0.057971014,850.582917
181,22,11,French,7,1,84,0,12,0.057971014,0.056338028,1104.80587
1751,67,14,French,7,1,81,0,12,0.057971014,0.057971014,1022.08271
514,31,11,French,7,0,84,0,12,0.043478261,0.043478261,591.490896
179,20,12,French,7,1,83,0,12,0.043478261,0.043478261,1043.32645
755,39,12,French,7,0,83,0,12,0.043478261,0.043478261,539.826275
1429,44,13.5,French,7,1,82,0,12,0.043478261,0.043478261,832.783402
1189,27,10,French,7,0,90,0,12,0.028985507,0.028985507,891.631405
500,31,10,French,7,0,90,0,12,0.028985507,0.028985507,854.391957
1304,32,10,French,7,1,90,0,12,0.028985507,0.028985507,779.362716
1021,54,10,French,7,1,90,0,12,0.014492754,0.014492754,1549.09519
1535,22,11,French,7,0,84,0,12,0.014492754,0.014492754,332.761707
860,20,12,French,7,0,83,0,12,0.014492754,0.014492754,1178.42515
629,23,14,French,7,1,81.5,0,12,0.014492754,0.014492754,1176.24027
1846,25,8,French,7,1,95,0,12,0,0,1194.49563
1830,19,10,French,7,1,91,0,12,0,0,992.499347
1729,39,12,French,7,0,83,0,12,0,0,1413.39839
1255,24,11,German,8,0,84,0,8,0.144927536,0.144927536,1117.9611
1452,77,24,German,8,1,74,0,8,0.144927536,0.144927536,1509.63108
1879,28,11,German,8,0,84,0,8,0.130434783,0.130434783,1161.58164
545,25,10,German,8,0,90,0,8,0.115942029,0.115942029,859.899575
1685,21,10,German,8,1,90,0,8,0.101449275,0.1,1370.11274
1619,53,12,German,8,1,83,0,8,0.086956522,0.086956522,1690.10371
635,24,10,German,8,0,90,0,8,0.072463768,0.072463768,101.223195
1494,23,10,German,8,0,90,0,8,0.043478261,0.042857143,1219.46178
1877,39,10,German,8,0,90,0,8,0.043478261,0.043478261,1254.39995
640,20,11,German,8,1,84,0,8,0.043478261,0.043478261,12.9485322
1994,18,14,German,8,1,81,0,8,0.043478261,0.043478261,1231.26788
616,22,8,German,8,0,92,0,8,0.028985507,0.028985507,5.29230251
192,19,11,German,8,1,85,0,8,0.028985507,0.028985507,1208.98557
191,19,12,German,8,1,84,0,8,0.028985507,0.028985507,1377.32608
651,29,14,German,8,1,81,0,8,0.028985507,0.028571429,1429.61427
1383,27,10,German,8,0,90,0,8,0.014492754,0.014492754,1776.17493
882,53,10,German,8,1,90,0,8,0.014492754,0.014492754,1330.66323
928,19,11,German,8,1,84,0,8,0.014492754,0.014492754,1233.79608
501,20,11,German,8,0,84,0,8,0.014492754,0.014492754,633.6946
1443,21,11,German,8,1,84,0,8,0.014492754,0.014492754,254.737047
881,31,11,German,8,1,84,0,8,0.014492754,0.014285714,2219.8771
1092,21,12,German,8,1,83,0,8,0.014492754,0.014492754,1849.74567
190,29,12,German,8,1,83,0,8,0.014492754,0.014492754,1447.24704
1707,29,12,German,8,1,83,0,8,0.014492754,0.014492754,6959.49489
189,48,12,German,8,1,83,0,8,0.014492754,0.014492754,1797.18976
1972,51,11,German,8,1,84,0,8,0,0,1679.12301
193,47,12,German,8,0,83,0,8,0,0,878.95703
936,41,16,German,8,0,81,0,8,0,0,1926.8698
1043,20,8,Italian,10,0,92,0,7,0.188405797,0.188405797,963.980992
1543,33,10,Italian,10,1,92,0,7,0.188405797,0.188405797,130.6654
2020,78,50,Italian,10,1,55,0,7,0.188405797,0.180555556,1369.14269
733,20,8,Italian,10,0,92,0,7,0.173913043,0.173913043,917.372413
1741,23,11,Italian,10,0,84,0,7,0.144927536,0.14084507,693.842738
1686,21,8,Italian,10,1,92,0,7,0.130434783,0.128571429,1097.51927
1679,25,6,Italian,10,0,94,0,7,0.115942029,0.115942029,567.755154
761,20,8,Italian,10,0,92,0,7,0.115942029,0.115942029,1219.59437
995,28,14,Italian,10,0,83,0,7,0.101449275,0.101449275,210.25581
553,24,8,Italian,10,0,92,0,7,0.086956522,0.085714286,358.057237
1114,19,11,Italian,10,0,85,0,7,0.086956522,0.086956522,760.519986
220,47,11,Italian,10,1,84,0,7,0.086956522,0.085714286,1847.47962
627,48,12,Italian,10,0,84,0,7,0.086956522,0.083333333,1531.41736
473,32,15,Italian,10,1,81,0,7,0.086956522,0.085714286,1309.07551
1984,49,14,Italian,10,0,81,0,7,0.072463768,0.072463768,650.390535
1123,32,15,Italian,10,0,80,0,7,0.072463768,0.072463768,1252.0691
641,30,18,Italian,10,0,80,0,7,0.072463768,0.072463768,700.944323
218,46,18,Italian,10,0,77,0,7,0.072463768,0.070422535,1442.31651
1406,23,6,Italian,10,1,94,0,7,0.057971014,0.057971014,1387.18656
619,18,8,Italian,10,0,94,0,7,0.057971014,0.057971014,831.409867
1489,49,11,Italian,10,0,84,0,7,0.057971014,0.057971014,1166.88081
1976,59,23,Italian,10,1,68,0,7,0.057971014,0.057142857,971.524018
1175,23,6,Italian,10,0,96.5,0,7,0.043478261,0.043478261,819.225616
942,40,14,Italian,10,0,81,0,7,0.043478261,0.043478261,910.797987
1322,40,3.5,Italian,10,0,88,0,7,0.028985507,0.028169014,617.805401
839,48,15,Italian,10,0,80,0,7,0.028985507,0.028985507,1176.59291
589,43,10,Italian,10,0,90,0,7,0.014492754,0.014492754,2199.15463
1177,34,14,Italian,10,1,81,0,7,0.014492754,0.014492754,1267.88908
681,38,14,Italian,10,1,81,0,7,0.014492754,0.014492754,1232.51007
219,55,21,Italian,10,0,70,0,7,0.014492754,0.014492754,299.898585
1124,42,20,Italian,10,0,77,0,7,0,0,985.345277
440,52,25,Italian,10,0,67,0,7,0,0,1369.35413
1610,44,13,Japanese,11,1,82,1,5,0.15942029,0.15942029,1188.62404
2123,21,13,Japanese,11,1,83,1,5,0.144927536,0.142857143,215.147105
1046,29,13,Japanese,11,1,82,1,5,0.144927536,0.144927536,1149.96439
827,26,12,Japanese,11,1,83,1,5,0.130434783,0.125,524.471248
543,24,13,Japanese,11,0,82,1,5,0.130434783,0.126760563,458.046896
224,20,15,Japanese,11,0,81,1,5,0.130434783,0.126760563,1217.80016
222,27,12,Japanese,11,1,83,1,5,0.115942029,0.112676056,783.342651
1948,40,13,Japanese,11,1,82,1,5,0.101449275,0.101449275,938.430322
1991,44,13,Japanese,11,1,82,1,5,0.086956522,0.086956522,1308.66218
221,25,12,Japanese,11,1,83,1,5,0.072463768,0.071428571,1934.13478
1365,36,12,Japanese,11,0,83,1,5,0.072463768,0.072463768,1201.85878
1382,37,12,Japanese,11,1,83,1,5,0.072463768,0.072463768,1030.71256
1942,24,5,Japanese,11,0,97,1,5,0.057971014,0.057142857,777.305176
225,25,12,Japanese,11,1,83,1,5,0.057971014,0.057142857,1202.01835
223,49,12,Japanese,11,1,83,1,5,0.043478261,0.042253521,1640.07308
1847,53,13,Japanese,11,1,82,1,5,0.043478261,0.042857143,780.942582
1381,28,11,Japanese,11,0,85,1,5,0.014492754,0.014285714,1782.15699
1521,45,12,Japanese,11,0,83,1,5,0.014492754,0.014492754,2056.67337
1626,52,13,Japanese,11,1,82,1,5,0.014492754,0.014492754,27.7390591
1684,57,13,Japanese,11,1,82,1,5,0.014492754,0.014492754,1649.58867
1833,21,14,Japanese,11,0,82,1,5,0.014492754,0.014492754,359.361882
1537,25,3,Japanese,11,1,50,1,5,0,0,1482.18812
226,30,10,Japanese,11,1,95,1,5,0,0,532.195545
227,18,12,Japanese,11,0,84,1,5,0,0,1219.24274
486,25,12,Japanese,11,0,83,1,5,0,0,1198.67627
1881,69,12,Japanese,11,1,83,1,5,0,0,235.359131
1987,52,13,Japanese,11,1,82,1,5,0,0,1907.7347
1663,62,13,Korean,12,1,82,0,10,0.333333333,0.319444444,852.639833
2098,22,7,Korean,12,1,93,0,10,0.260869565,0.25,612.234584
238,29,13,Korean,12,0,82,0,10,0.231884058,0.216216216,1638.16251
1007,21,8,Korean,12,0,92,0,10,0.217391304,0.214285714,1145.07924
608,31,31,Korean,12,0,57,0,10,0.217391304,0.217391304,953.111108
243,21,12,Korean,12,1,84,0,10,0.188405797,0.188405797,1082.77213
1118,21,14,Korean,12,1,82,0,10,0.188405797,0.185714286,1137.45719
1862,55,14,Korean,12,0,81,0,10,0.188405797,0.185714286,103.817438
483,34,13,Korean,12,0,82,0,10,0.173913043,0.166666667,176.871173
559,26,14,Korean,12,0,81,0,10,0.130434783,0.130434783,1032.1971
1690,49,14,Korean,12,1,81,0,10,0.130434783,0.128571429,1456.7719
240,19,17,Korean,12,1,79,0,10,0.130434783,0.126760563,1026.37549
1005,42,40,Korean,12,0,54,0,10,0.130434783,0.126760563,1064.82221
1145,19,8,Korean,12,1,93,0,10,0.115942029,0.115942029,738.536528
1142,21,12,Korean,12,0,83,0,10,0.115942029,0.114285714,333.74341
1815,48,12,Korean,12,0,83,0,10,0.115942029,0.114285714,1441.99207
1982,28,13,Korean,12,0,82,0,10,0.115942029,0.115942029,776.260401
452,39,13,Korean,12,1,82,0,10,0.115942029,0.114285714,628.821992
1946,50,12,Korean,12,1,83,0,10,0.101449275,0.1,1293.97263
2075,32,27,Korean,12,0,69,0,10,0.101449275,0.101449275,1059.13325
1196,49,12,Korean,12,1,83,0,10,0.086956522,0.085714286,1427.01987
1971,49,14,Korean,12,0,81,0,10,0.086956522,0.085714286,680.544597
1624,51,14,Korean,12,0,81,0,10,0.086956522,0.084507042,1674.43862
1715,35,28,Korean,12,1,63,0,10,0.086956522,0.084507042,1424.48539
1838,51,12,Korean,12,1,83,0,10,0.072463768,0.071428571,2009.48122
1006,30,13,Korean,12,1,82,0,10,0.072463768,0.072463768,704.051548
2133,57,13,Korean,12,1,82,0,10,0.072463768,0.071428571,1586.78141
1943,21,17,Korean,12,1,78,0,10,0.072463768,0.072463768,1029.17456
1814,20,11,Korean,12,1,85,0,10,0.057971014,0.057142857,1099.90225
242,50,12,Korean,12,1,83,0,10,0.057971014,0.057142857,1799.66279
1722,30,13,Korean,12,1,82,0,10,0.057971014,0.057971014,2043.85711
1370,42,13,Korean,12,0,82,0,10,0.057971014,0.057971014,1769.1108
239,23,14,Korean,12,1,81,0,10,0.057971014,0.057971014,1113.21269
2015,21,21,Korean,12,1,73,0,10,0.057971014,0.057971014,1039.00702
1696,18,7,Korean,12,1,97,0,10,0.043478261,0.043478261,613.714738
1687,19,8,Korean,12,1,92,0,10,0.043478261,0.042857143,1092.94716
1386,34,12,Korean,12,1,83,0,10,0.043478261,0.043478261,1152.97949
2058,23,10,Korean,12,0,92,0,10,0.028985507,0.028985507,1777.45276
474,34,12,Korean,12,0,83,0,10,0.028985507,0.028985507,1470.15346
759,50,12,Korean,12,1,83,0,10,0.028985507,0.028571429,1309.16204
1952,20,13,Korean,12,0,83,0,10,0.028985507,0.028571429,1074.13628
2134,25,16,Korean,12,0,80,0,10,0.028985507,0.028571429,776.63331
892,22,8,Korean,12,1,92,0,10,0.014492754,0.014492754,1425.399
1848,25,10,Korean,12,0,90,0,10,0.014492754,0.014492754,1124.66279
2158,40,12,Korean,12,0,83,0,10,0.014492754,0.014492754,1689.19224
1843,27,14,Korean,12,1,81,0,10,0.014492754,0.014285714,1599.77104
1950,26,3,Korean,12,0,85,0,10,0,0,1177.1267
1117,25,7,Korean,12,0,93,0,10,0,0,847.930319
244,32,10,Korean,12,0,90,0,10,0,0,1974.08346
1126,58,13,Korean,12,1,82,0,10,0,0,1690.05303
241,29,15,Korean,12,1,81,0,10,0,0,1469.9566
1507,23,21,Korean,12,0,69,0,10,0,0,25.2030187
1616,47,16,Mandarin,13,1,79,2,6,0.463768116,0.426666667,1389.47068
1631,42,12,Mandarin,13,1,83,2,6,0.347826087,0.307692308,1420.87406
1617,24,15,Mandarin,13,1,80,2,6,0.289855072,0.277777778,724.636886
430,29,12,Mandarin,13,0,83,2,6,0.260869565,0.257142857,1435.61617
872,29,13,Mandarin,13,1,82,2,6,0.231884058,0.225352113,173.380029
1736,21,10,Mandarin,13,0,90,2,6,0.217391304,0.217391304,1286.52779
1044,46,13,Mandarin,13,1,82,2,6,0.217391304,0.214285714,1537.10404
1645,37,12,Mandarin,13,0,83,2,6,0.188405797,0.183098592,1783.01998
2019,20,6,Mandarin,13,1,95,2,6,0.173913043,0.164383562,1648.78303
1909,25,13,Mandarin,13,1,83,2,6,0.173913043,0.169014085,2396.88534
1490,24,4,Mandarin,13,0,97,2,6,0.15942029,0.15942029,649.082987
2129,24,10,Mandarin,13,1,90,2,6,0.15942029,0.15942029,1789.66833
256,26,13,Mandarin,13,1,82,2,6,0.15942029,0.154929577,1657.77294
1636,43,9,Mandarin,13,1,91,2,6,0.144927536,0.133333333,1499.41122
1614,28,12,Mandarin,13,0,83,2,6,0.144927536,0.14084507,1039.04636
260,31,12,Mandarin,13,1,83,2,6,0.144927536,0.14084507,2068.93414
1582,33,12,Mandarin,13,1,83,2,6,0.144927536,0.14084507,1432.67448
1578,31,13,Mandarin,13,1,82,2,6,0.144927536,0.142857143,1405.55066
1793,26,6,Mandarin,13,1,94,2,6,0.130434783,0.128571429,1927.54975
750,32,10,Mandarin,13,0,90,2,6,0.130434783,0.130434783,74.5833048
1990,20,12,Mandarin,13,0,84,2,6,0.130434783,0.128571429,702.111044
1583,24,12,Mandarin,13,1,83,2,6,0.130434783,0.126760563,1381.96194
451,38,12,Mandarin,13,0,83,2,6,0.130434783,0.125,1171.06242
1580,32,10,Mandarin,13,1,90,2,6,0.115942029,0.115942029,1335.76773
1910,26,11,Mandarin,13,1,85,2,6,0.115942029,0.115942029,1336.53614
1491,27,13,Mandarin,13,0,82,2,6,0.115942029,0.114285714,399.786962
1615,34,13,Mandarin,13,1,82,2,6,0.115942029,0.115942029,2261.54921
1900,25,10,Mandarin,13,1,90,2,6,0.101449275,0.101449275,1846.44411
1579,27,12,Mandarin,13,1,83,2,6,0.101449275,0.101449275,1072.77098
2109,41,13,Mandarin,13,1,82,2,6,0.101449275,0.095890411,2174.87678
2173,20,5,Mandarin,13,1,96,2,6,0.086956522,0.084507042,1811.40016
2117,24,7,Mandarin,13,0,93,2,6,0.086956522,0.084507042,450.336124
1644,28,8,Mandarin,13,1,93,2,6,0.086956522,0.086956522,1427.31092
746,28,11,Mandarin,13,1,84,2,6,0.086956522,0.085714286,917.785056
1141,31,12,Mandarin,13,1,83,2,6,0.086956522,0.085714286,1594.56972
1581,32,12,Mandarin,13,1,83,2,6,0.086956522,0.085714286,1586.834
796,26,13,Mandarin,13,0,82,2,6,0.086956522,0.086956522,1251.64271
1519,26,13,Mandarin,13,1,82,2,6,0.086956522,0.085714286,1102.35358
916,27,13,Mandarin,13,0,82,2,6,0.086956522,0.086956522,2643.0371
685,29,13,Mandarin,13,0,82,2,6,0.086956522,0.085714286,846.555745
607,53,13,Mandarin,13,1,82,2,6,0.086956522,0.084507042,1822.64858
257,38,14,Mandarin,13,1,82,2,6,0.086956522,0.086956522,2147.1843
1792,25,10,Mandarin,13,0,90,2,6,0.072463768,0.072463768,1174.02971
258,43,10,Mandarin,13,0,90,2,6,0.072463768,0.072463768,762.45506
719,49,20,Mandarin,13,0,79,2,6,0.072463768,0.071428571,1854.94107
491,19,3,Mandarin,13,0,99,2,6,0.057971014,0.057971014,1148.73057
259,24,6,Mandarin,13,1,94,2,6,0.057971014,0.057971014,1277.49726
1788,25,9,Mandarin,13,0,92,2,6,0.057971014,0.057142857,2635.46732
1527,23,12,Mandarin,13,1,83,2,6,0.057971014,0.057971014,85.8928013
1154,18,15,Mandarin,13,0,81,2,6,0.057971014,0.057142857,643.442207
1019,39,11,Mandarin,13,1,84,2,6,0.043478261,0.043478261,1000.57344
261,28,12,Mandarin,13,1,83,2,6,0.043478261,0.042253521,1537.88043
1447,45,15,Mandarin,13,0,80,2,6,0.043478261,0.043478261,2088.37667
2116,33,16,Mandarin,13,1,79,2,6,0.043478261,0.043478261,1081.88671
262,22,5,Mandarin,13,0,95,2,6,0.028985507,0.028985507,314.490924
984,38,9,Mandarin,13,1,91,2,6,0.028985507,0.028571429,2099.2624
1630,21,16,Mandarin,13,0,80,2,6,0.028985507,0.028985507,1915.01763
623,23,1,Mandarin,13,0,60,2,6,0.014492754,0.014492754,369.125562
2119,27,12,Mandarin,13,0,83,2,6,0.014492754,0.014492754,1419.63086
1817,38,13,Mandarin,13,1,82,2,6,0.014492754,0.014492754,1419.84966
1541,25,6,Mandarin,13,0,94,2,6,0,0,764.23948
2000,23,7,Mandarin,13,0,94,2,6,0,0,126.800227
1089,21,10,Mandarin,13,1,91,2,6,0,0,1746.10781
931,40,12,Mandarin,13,1,83,2,6,0,0,1229.95622
1125,28,13,Mandarin,13,1,82,2,6,0,0,1534.83491
278,26,25,Polish,14,1,67,0,6,0.246376812,0.232876712,708.608723
277,26,23,Polish,14,1,70,0,6,0.202898551,0.181818182,1357.39013
769,20,11,Polish,14,0,84,0,6,0.188405797,0.183098592,1351.56966
1651,30,10,Polish,14,0,90,0,6,0.15942029,0.157142857,926.609741
1483,18,5,Polish,14,0,96,0,6,0.130434783,0.128571429,640.291821
1745,20,10,Polish,14,1,90,0,6,0.115942029,0.114285714,1218.37739
1749,21,9,Polish,14,1,92,0,6,0.101449275,0.097222222,1193.52667
1654,20,10,Polish,14,1,91,0,6,0.101449275,0.1,1091.28133
728,20,6,Polish,14,0,94,0,6,0.086956522,0.086956522,748.186487
958,22,14,Polish,14,0,82,0,6,0.086956522,0.085714286,425.710254
1549,24,7,Polish,14,0,93,0,6,0.072463768,0.072463768,1138.69486
843,56,10,Polish,14,1,90,0,6,0.072463768,0.070422535,1460.19482
842,30,15,Polish,14,1,80,0,6,0.072463768,0.071428571,1117.78749
280,47,15,Polish,14,1,80,0,6,0.072463768,0.072463768,1672.8241
883,40,20,Polish,14,0,79,0,6,0.057971014,0.057142857,778.205039
1245,25,9,Polish,14,1,91,0,6,0.043478261,0.042253521,1353.11839
1748,20,11,Polish,14,0,84,0,6,0.043478261,0.043478261,1600.98257
2064,21,7,Polish,14,0,94,0,6,0.028985507,0.028571429,1599.37224
482,22,9,Polish,14,0,91,0,6,0.028985507,0.028985507,1794.79637
2062,42,14,Polish,14,0,81,0,6,0.028985507,0.028571429,1647.82943
1737,19,16,Polish,14,0,80,0,6,0.028985507,0.028571429,1452.18324
1171,97,35,Polish,14,0,60,0,6,0.028985507,0.028571429,1480.32861
1278,19,8,Polish,14,0,93,0,6,0.014492754,0.014492754,1708.07512
1653,21,8,Polish,14,0,92,0,6,0.014492754,0.014492754,170.289201
626,26,8,Polish,14,1,92,0,6,0.014492754,0.014492754,800.657932
1652,19,11,Polish,14,0,85,0,6,0.014492754,0.014492754,1877.10936
1453,33,13,Polish,14,1,83,0,6,0.014492754,0.014492754,1177.01639
1918,34,16,Polish,14,1,79,0,6,0.014492754,0.014492754,989.271929
1625,53,4,Polish,14,1,100,0,6,0,0,1834.95478
1738,19,6,Polish,14,0,95,0,6,0,0,1958.38565
1671,20,11,Polish,14,0,84,0,6,0,0,270.831361
279,31,12,Polish,14,1,84,0,6,0,0,1318.10099
2085,48,12,Polish,14,1,83,0,6,0,0,1411.42393
841,23,15,Polish,14,1,81,0,6,0,0,1409.11965
304,68,38,Russian,15,1,49,0,5,0.347826087,0.333333333,782.93415
954,46,10,Russian,15,1,90,0,5,0.275362319,0.263888889,862.6174
472,26,10,Russian,15,0,92,0,5,0.202898551,0.191780822,882.493049
300,20,5,Russian,15,1,96,0,5,0.188405797,0.188405797,1204.80661
305,25,15,Russian,15,1,80,0,5,0.144927536,0.142857143,1390.75184
460,62,53,Russian,15,0,34,0,5,0.144927536,0.14084507,157.317246
1096,58,41,Russian,15,1,42,0,5,0.130434783,0.130434783,739.187828
831,23,13,Russian,15,0,83,0,5,0.115942029,0.112676056,591.59724
302,50,10,Russian,15,1,90,0,5,0.101449275,0.098591549,1367.55612
306,26,11,Russian,15,1,84,0,5,0.101449275,0.097222222,1303.47277
1708,84,18,Russian,15,0,77,0,5,0.101449275,0.1,1175.93033
1311,21,4,Russian,15,0,65,0,5,0.086956522,0.086956522,871.632766
671,37,18,Russian,15,0,77,0,5,0.086956522,0.086956522,533.8778
1523,31,10,Russian,15,0,90,0,5,0.072463768,0.072463768,1359.51087
1198,25,11,Russian,15,1,85,0,5,0.072463768,0.072463768,704.281279
1314,31,14,Russian,15,1,81,0,5,0.072463768,0.072463768,1133.5415
1097,23,17,Russian,15,1,79,0,5,0.072463768,0.071428571,987.852877
2107,26,6,Russian,15,1,94,0,5,0.057971014,0.057971014,135.50938
303,35,6,Russian,15,1,94,0,5,0.057971014,0.057971014,1188.1686
994,30,11,Russian,15,0,84,0,5,0.057971014,0.057142857,1233.06131
1317,24,17,Russian,15,1,78,0,5,0.057971014,0.057971014,1631.59668
1073,33,19,Russian,15,1,77,0,5,0.057971014,0.057971014,1909.17341
1057,21,5,Russian,15,1,95,0,5,0.043478261,0.042253521,1953.85538
1254,21,6,Russian,15,0,95,0,5,0.043478261,0.043478261,911.22819
1844,30,10,Russian,15,1,90,0,5,0.043478261,0.042857143,1937.34438
301,54,13,Russian,15,0,82,0,5,0.043478261,0.042857143,1325.19801
1191,21,14,Russian,15,0,82,0,5,0.043478261,0.042857143,1013.66317
1407,19,15,Russian,15,0,81,0,5,0.043478261,0.043478261,139.641583
911,28,17,Russian,15,1,78,0,5,0.043478261,0.043478261,1785.32609
299,37,36,Russian,15,0,65,0,5,0.043478261,0.043478261,540.841368
1924,24,4,Russian,15,1,96,0,5,0.028985507,0.028985507,696.997363
309,23,7,Russian,15,0,94,0,5,0.028985507,0.028985507,917.392027
308,66,12,Russian,15,0,83,0,5,0.028985507,0.028571429,68.4601991
307,54,13,Russian,15,1,82,0,5,0.028985507,0.028985507,1383.71356
2137,29,6,Russian,15,1,94,0,5,0.014492754,0.014492754,1709.80048
2105,24,7,Russian,15,1,93,0,5,0.014492754,0.014492754,1194.68509
1774,23,8,Russian,15,1,93,0,5,0.014492754,0.014492754,1502.1853
1932,27,8,Russian,15,1,92,0,5,0.014492754,0.014492754,1652.12154
648,35,11,Russian,15,0,84,0,5,0.014492754,0.014285714,1452.61204
1279,18,12,Russian,15,0,84,0,5,0.014492754,0.014492754,651.379457
647,34,12,Russian,15,1,83,0,5,0.014492754,0.014285714,1307.31128
1467,27,16,Russian,15,0,80,0,5,0.014492754,0.014492754,1827.81079
834,40,17,Russian,15,0,78,0,5,0.014492754,0.014492754,1712.13771
1518,25,20,Russian,15,0,76,0,5,0.014492754,0.014492754,1637.31054
1750,25,5,Russian,15,1,95,0,5,0,0,1445.82033
1947,29,6,Russian,15,1,94,0,5,0,0,1447.57273
2027,68,14,Russian,15,1,81,0,5,0,0,1115.3316
609,33,18,Russian,15,0,78,0,5,0,0,896.098515
326,25,8,Spanish,16,0,92,0,5,0.449275362,0.436619718,559.345052
1732,22,8,Spanish,16,1,94,0,5,0.391304348,0.38028169,315.385392
614,20,3,Spanish,16,0,47,0,5,0.173913043,0.164383562,1587.92423
731,21,6,Spanish,16,0,94,0,5,0.15942029,0.152777778,1560.29063
924,67,39,Spanish,16,0,60,0,5,0.130434783,0.130434783,1416.17862
959,32,10,Spanish,16,1,92,0,5,0.086956522,0.086956522,881.787894
337,32,11,Spanish,16,1,84,0,5,0.086956522,0.086956522,774.435459
2100,51,25,Spanish,16,0,76,0,5,0.086956522,0.085714286,1348.96732
341,18,6,Spanish,16,0,97,0,5,0.072463768,0.072463768,276.912173
1613,41,10,Spanish,16,1,90,0,5,0.072463768,0.071428571,1652.46035
476,28,11,Spanish,16,0,85,0,5,0.072463768,0.070422535,995.794094
1249,44,14,Spanish,16,0,81,0,5,0.072463768,0.072463768,1279.85344
1807,40,11,Spanish,16,1,84,0,5,0.028985507,0.028571429,1410.12422
342,34,14,Spanish,16,0,83,0,5,0.028985507,0.028985507,1958.94728
1797,46,12,Spanish,16,0,84,0,5,0.014492754,0.014492754,891.981125
2026,45,6,Spanish,16,0,94,0,5,0,0,26.1155662
620,26,7,Swedish,17,0,93,1,9,0.231884058,0.231884058,166.273423
351,56,11,Swedish,17,1,84,1,9,0.173913043,0.169014085,1637.33611
454,18,13,Swedish,17,0,83,1,9,0.144927536,0.144927536,1003.03355
353,24,10,Swedish,17,0,90,1,9,0.115942029,0.114285714,1786.6664
2065,31,7,Swedish,17,0,93,1,9,0.057971014,0.057971014,395.842659
1861,20,8,Swedish,17,1,93,1,9,0.043478261,0.042253521,1158.04648
352,20,10,Swedish,17,0,91,1,9,0.043478261,0.042857143,792.547337
630,21,11,Swedish,17,1,85,1,9,0.043478261,0.042857143,1227.14378
1752,23,9,Swedish,17,0,91,1,9,0.028985507,0.028985507,1779.94093
1027,20,10,Swedish,17,0,90,1,9,0.028985507,0.028985507,1327.49493
354,22,10,Swedish,17,0,90,1,9,0.028985507,0.028985507,67.5446735
1824,22,12,Swedish,17,0,84,1,9,0.028985507,0.028985507,1027.24545
1441,23,7,Swedish,17,0,61,1,9,0.014492754,0.014492754,766.143621
1065,19,9,Swedish,17,1,92,1,9,0.014492754,0.014285714,1663.83357
701,22,10,Swedish,17,1,90,1,9,0.014492754,0.014285714,1237.98693
1445,28,10,Swedish,17,1,90,1,9,0.014492754,0.014492754,1244.2278
2011,50,12,Swedish,17,0,83,1,9,0.014492754,0.014492754,2367.78635
1992,42,8,Swedish,17,0,92,1,9,0,0,1064.85721
1195,36,10,Swedish,17,1,90,1,9,0,0,1107.67033
1836,39,11,Swedish,17,1,84,1,9,0,0,1667.10453
1673,18,13,Thai,18,0,84,2,9,0.434782609,0.379746835,2397.06955
448,23,7,Thai,18,1,93,2,9,0.246376812,0.242857143,1520.36472
1055,37,25,Thai,18,0,77,2,9,0.246376812,0.242857143,2022.93585
371,25,10,Thai,18,1,90,2,9,0.231884058,0.231884058,2302.91915
898,26,10,Thai,18,1,90,2,9,0.231884058,0.222222222,2288.13041
1829,69,7,Thai,18,1,93,2,9,0.217391304,0.217391304,1974.02033
372,20,10,Thai,18,0,92,2,9,0.188405797,0.185714286,942.222791
698,27,11,Thai,18,0,85,2,9,0.173913043,0.173913043,2901.90275
1103,18,6,Thai,18,1,96,2,9,0.144927536,0.142857143,896.526713
2131,19,7,Thai,18,1,94,2,9,0.130434783,0.126760563,1041.27001
612,25,10,Thai,18,0,90,2,9,0.115942029,0.112676056,1504.92161
2066,39,10,Thai,18,1,90,2,9,0.115942029,0.115942029,2139.45941
1721,33,8,Thai,18,0,93,2,9,0.101449275,0.097222222,1737.24952
1488,30,6,Thai,18,0,94,2,9,0.072463768,0.070422535,1407.15221
373,22,4,Thai,18,0,87,2,9,0,0,2095.09694
396,29,25,Vietnamese,19,0,70,2,11,0.536231884,0.521126761,1398.1842
400,41,12,Vietnamese,19,0,83,2,11,0.492753623,0.478873239,1337.30792
399,34,31,Vietnamese,19,0,60,2,11,0.391304348,0.375,1614.10962
1809,29,15,Vietnamese,19,0,80,2,11,0.376811594,0.361111111,1314.85754
1134,20,14,Vietnamese,19,0,83,2,11,0.289855072,0.289855072,828.469477
2042,46,25,Vietnamese,19,1,65,2,11,0.289855072,0.281690141,1064.57969
397,28,9,Vietnamese,19,1,91,2,11,0.275362319,0.267605634,1168.10071
398,25,15,Vietnamese,19,1,81,2,11,0.260869565,0.257142857,1199.10099
1562,23,6,Vietnamese,19,0,96,2,11,0.15942029,0.15942029,1977.625
1201,67,15,Vietnamese,19,0,80,2,11,0.15942029,0.154929577,1552.67321
395,29,12,Vietnamese,19,0,84,2,11,0.130434783,0.126760563,1855.93256
447,69,12,Vietnamese,19,0,83,2,11,0.130434783,0.128571429,1245.55849
2099,21,16,Vietnamese,19,0,80,2,11,0.101449275,0.1,1915.91494
1698,51,20,Vietnamese,19,0,77,2,11,0.101449275,0.1,68.5756515
2013,18,4,Vietnamese,19,1,75,2,11,0.086956522,0.086956522,1492.26984
401,29,18,Vietnamese,19,1,78,2,11,0.072463768,0.071428571,1560.74691
2151,23,8,Vietnamese,19,0,94,2,11,0.057971014,0.057142857,375.17176
1940,33,11,Vietnamese,19,1,84,2,11,0.057971014,0.057142857,1966.57446
1192,57,18,Vietnamese,19,1,77,2,11,0.057971014,0.057971014,1261.96336
1529,24,9,Vietnamese,19,1,92,2,11,0.043478261,0.042857143,2163.66572
2010,19,11,Vietnamese,19,1,86,2,11,0.043478261,0.042253521,884.555209
1850,52,17,Vietnamese,19,0,79,2,11,0.028985507,0.028985507,1739.51591