speakerid_x,age,age_onset,L1,L1_coded,sex,Eng_experience,typology,vowels,WER,MER,norm_area,mer_group
1885,26,2,arabic,1,1,98,0,6,0,0,942.193326,0
1964,28,3,arabic,1,0,97,0,6,0,0,1776.89707,0
1894,18,4,arabic,1,1,96,0,6,0,0,1709.57224,0
1253,34,6,arabic,1,1,94,0,6,0,0,988.316962,0
1753,20,7,arabic,1,0,94,0,6,0,0,1239.33227,0
1565,22,7,arabic,1,0,93,0,6,0,0,2386.68737,0
1841,47,7,arabic,1,1,93,0,6,0,0,1884.22475,0
1394,19,9,arabic,1,1,92,0,6,0,0,1677.69359,0
1486,23,12,arabic,1,0,84,0,6,0,0,888.057458,0
670,46,30,arabic,1,1,68,0,6,0,0,1711.22065,0
1076,18,0,BI_english,3,0,84,0,11,0,0,1087.00449,0
1215,18,0,BI_english,3,1,100,0,11,0,0,548.356972,0
1241,18,0,BI_english,3,1,100,0,11,0,0,791.326753,0
2012,19,0,BI_english,3,1,100,0,11,0,0,939.62775,0
1561,19,0,BI_english,3,1,100,0,11,0,0,773.615678,0
117,20,0,BI_english,3,0,100,0,11,0,0,1333.26153,0
1373,20,0,BI_english,3,1,100,0,11,0,0,2273.65644,0
1650,20,0,BI_english,3,0,100,0,11,0,0,760.832962,0
857,21,0,BI_english,3,0,100,0,11,0,0,605.895924,0
1093,24,0,BI_english,3,1,100,0,11,0,0,1014.84132,0
1294,25,0,BI_english,3,1,100,0,11,0,0,1236.66197,0
97,27,0,BI_english,3,0,100,0,11,0,0,1359.70032,0
77,30,0,BI_english,3,1,100,0,11,0,0,1061.78816,0
135,31,0,BI_english,3,0,100,0,11,0,0,440.466755,0
680,35,0,BI_english,3,1,100,0,11,0,0,1037.8852,0
1692,35,0,BI_english,3,1,100,0,11,0,0,1818.89401,0
604,38,0,BI_english,3,0,100,0,11,0,0,1367.1781,0
1295,43,0,BI_english,3,0,100,0,11,0,0,1553.44798,0
119,46,0,BI_english,3,1,100,0,11,0,0,1783.22212,0
1292,52,0,BI_english,3,0,100,0,11,0,0,626.231636,0
1348,59,0,BI_english,3,1,100,0,11,0,0,1670.96682,0
740,66,0,BI_english,3,0,100,0,11,0,0,967.279087,0
1300,29,7,dutch,6,0,94,0,13,0,0,1153.35108,0
1466,22,9,dutch,6,1,92,0,13,0,0,81.7844758,0
1484,25,9,dutch,6,0,91,0,13,0,0,1021.07002,0
1003,33,10,dutch,6,1,90,0,13,0,0,1788.98657,0
847,46,10,dutch,6,1,90,0,13,0,0,1439.66723,0
1705,21,11,dutch,6,0,84,0,13,0,0,9.78104959,0
1481,21,12,dutch,6,1,83,0,13,0,0,1558.36703,0
1004,35,12,dutch,6,1,83,0,13,0,0,2521.30772,0
1264,21,13,dutch,6,1,83,0,13,0,0,1639.08288,0
1266,23,13,dutch,6,1,82,0,13,0,0,1502.3434,0
1463,23,13,dutch,6,1,82,0,13,0,0,1554.22415,0
1462,21,14,dutch,6,1,82,0,13,0,0,1282.01888,0
1468,22,14,dutch,6,1,81,0,13,0,0,20.1444706,0
929,41,14,dutch,6,0,81,0,13,0,0,129.459039,0
1846,25,8,french,7,1,95,0,12,0,0,1194.49563,0
1830,19,10,french,7,1,91,0,12,0,0,992.499347,0
1729,39,12,french,7,0,83,0,12,0,0,1413.39839,0
1972,51,11,german,8,1,84,0,8,0,0,1679.12301,0
193,47,12,german,8,0,83,0,8,0,0,878.95703,0
936,41,16,german,8,0,81,0,8,0,0,1926.8698,0
1124,42,20,italian,10,0,77,0,7,0,0,985.345277,0
440,52,25,italian,10,0,67,0,7,0,0,1369.35413,0
1537,25,3,japanese,11,1,50,1,5,0,0,1482.18812,0
226,30,10,japanese,11,1,95,1,5,0,0,532.195545,0
227,18,12,japanese,11,0,84,1,5,0,0,1219.24274,0
486,25,12,japanese,11,0,83,1,5,0,0,1198.67627,0
1881,69,12,japanese,11,1,83,1,5,0,0,235.359131,0
1987,52,13,japanese,11,1,82,1,5,0,0,1907.7347,0
1950,26,3,korean,12,0,85,0,10,0,0,1177.1267,0
1117,25,7,korean,12,0,93,0,10,0,0,847.930319,0
244,32,10,korean,12,0,90,0,10,0,0,1974.08346,0
1126,58,13,korean,12,1,82,0,10,0,0,1690.05303,0
241,29,15,korean,12,1,81,0,10,0,0,1469.9566,0
1507,23,21,korean,12,0,69,0,10,0,0,25.2030187,0
1541,25,6,mandarin,13,0,94,2,6,0,0,764.23948,0
2000,23,7,mandarin,13,0,94,2,6,0,0,126.800227,0
1089,21,10,mandarin,13,1,91,2,6,0,0,1746.10781,0
931,40,12,mandarin,13,1,83,2,6,0,0,1229.95622,0
1125,28,13,mandarin,13,1,82,2,6,0,0,1534.83491,0
64,18,0,na_english,4,1,100,0,11,0,0,1210.58383,0
541,18,0,na_english,4,0,100,0,11,0,0,246.574584,0
1070,18,0,na_english,4,1,100,0,11,0,0,333.865806,0
1893,18,0,na_english,4,1,100,0,11,0,0,1912.87156,0
1960,18,0,na_english,4,1,100,0,11,0,0,1096.80391,0
122,18,0,na_english,4,0,100,0,11,0,0,1122.74432,0
152,18,0,na_english,4,0,100,0,11,0,0,695.678742,0
160,18,0,na_english,4,0,100,0,11,0,0,582.327294,0
540,18,0,na_english,4,1,100,0,11,0,0,1265.78212,0
555,18,0,na_english,4,0,100,0,11,0,0,93.5846388,0
597,18,0,na_english,4,1,100,0,11,0,0,1576.23007,0
749,18,0,na_english,4,1,100,0,11,0,0,1088.37731,0
764,18,0,na_english,4,1,100,0,11,0,0,1099.62265,0
767,18,0,na_english,4,0,100,0,11,0,0,783.286638,0
871,18,0,na_english,4,1,100,0,11,0,0,852.130332,0
899,18,0,na_english,4,0,100,0,11,0,0,964.870448,0
1208,18,0,na_english,4,1,100,0,11,0,0,132.800109,0
123,19,0,na_english,4,0,100,0,11,0,0,1388.01784,0
1661,19,0,na_english,4,0,100,0,11,0,0,1066.11931,0
1959,19,0,na_english,4,1,100,0,11,0,0,1101.28505,0
2056,19,0,na_english,4,1,100,0,11,0,0,671.365618,0
128,19,0,na_english,4,0,100,0,11,0,0,867.203423,0
617,19,0,na_english,4,0,100,0,11,0,0,67.5381534,0
983,19,0,na_english,4,1,100,0,11,0,0,871.494939,0
1222,19,0,na_english,4,0,100,0,11,0,0,59.5365909,0
1232,19,0,na_english,4,1,100,0,11,0,0,1170.54685,0
1277,19,0,na_english,4,1,100,0,11,0,0,1247.0153,0
1416,19,0,na_english,4,1,100,0,11,0,0,1323.1525,0
1524,19,0,na_english,4,1,100,0,11,0,0,1213.83197,0
1550,19,0,na_english,4,1,100,0,11,0,0,54.6108063,0
1895,20,0,na_english,4,0,100,0,11,0,0,1115.97777,0
2060,20,0,na_english,4,1,100,0,11,0,0,1061.2913,0
134,20,0,na_english,4,0,100,0,11,0,0,1210.41551,0
141,20,0,na_english,4,1,100,0,11,0,0,1963.31023,0
490,20,0,na_english,4,1,100,0,11,0,0,1407.10854,0
912,20,0,na_english,4,1,100,0,11,0,0,1029.38142,0
939,20,0,na_english,4,0,100,0,11,0,0,768.296523,0
1233,20,0,na_english,4,0,100,0,11,0,0,228.224082,0
1280,20,0,na_english,4,1,100,0,11,0,0,2711.07168,0
1492,20,0,na_english,4,1,100,0,11,0,0,1336.68763,0
1564,20,0,na_english,4,0,100,0,11,0,0,1352.05145,0
1674,20,0,na_english,4,0,100,0,11,0,0,745.221351,0
1718,20,0,na_english,4,0,100,0,11,0,0,1022.34939,0
1956,21,0,na_english,4,1,100,0,11,0,0,999.241916,0
1957,21,0,na_english,4,1,100,0,11,0,0,885.663221,0
125,21,0,na_english,4,0,100,0,11,0,0,1493.35396,0
133,21,0,na_english,4,0,100,0,11,0,0,372.195749,0
542,21,0,na_english,4,1,100,0,11,0,0,1147.98031,0
563,21,0,na_english,4,0,100,0,11,0,0,917.308754,0
884,21,0,na_english,4,0,100,0,11,0,0,1755.41246,0
889,21,0,na_english,4,0,100,0,11,0,0,105.283128,0
1477,21,0,na_english,4,0,100,0,11,0,0,1176.97739,0
1534,21,0,na_english,4,0,100,0,11,0,0,2305.60821,0
1548,21,0,na_english,4,1,100,0,11,0,0,540.276081,0
1728,21,0,na_english,4,1,100,0,11,0,0,1238.64353,0
1887,22,0,na_english,4,1,100,0,11,0,0,730.225337,0
1955,22,0,na_english,4,1,100,0,11,0,0,837.643629,0
157,22,0,na_english,4,1,100,0,11,0,0,1188.39028,0
158,22,0,na_english,4,1,100,0,11,0,0,1050.77109,0
163,22,0,na_english,4,0,100,0,11,0,0,924.183866,0
65,22,0,na_english,4,0,100,0,11,0,0,1132.54561,0
507,22,0,na_english,4,0,100,0,11,0,0,635.785055,0
662,22,0,na_english,4,0,100,0,11,0,0,684.105515,0
667,22,0,na_english,4,1,100,0,11,0,0,1156.16888,0
801,22,0,na_english,4,1,100,0,11,0,0,499.931339,0
1052,22,0,na_english,4,1,100,0,11,0,0,0.02369459,0
1236,22,0,na_english,4,1,100,0,11,0,0,1203.01674,0
1308,22,0,na_english,4,0,100,0,11,0,0,1086.42083,0
1716,22,0,na_english,4,1,100,0,11,0,0,4.28753593,0
1726,22,0,na_english,4,0,100,0,11,0,0,2044.28916,0
1257,23,0,na_english,4,1,100,0,11,0,0,1570.82107,0
1933,23,0,na_english,4,1,100,0,11,0,0,935.991691,0
2043,23,0,na_english,4,1,100,0,11,0,0,1000.75893,0
63,23,0,na_english,4,1,100,0,11,0,0,1774.30005,0
574,23,0,na_english,4,1,100,0,11,0,0,460.376319,0
684,23,0,na_english,4,1,100,0,11,0,0,2095.83041,0
937,23,0,na_english,4,0,100,0,11,0,0,502.184932,0
1206,23,0,na_english,4,1,100,0,11,0,0,409.262177,0
1423,23,0,na_english,4,1,100,0,11,0,0,1590.19358,0
519,24,0,na_english,4,0,100,0,11,0,0,1001.54964,0
2101,24,0,na_english,4,0,100,0,11,0,0,955.408629,0
729,24,0,na_english,4,0,100,0,11,0,0,693.420668,0
863,24,0,na_english,4,0,100,0,11,0,0,1287.14368,0
1239,24,0,na_english,4,1,100,0,11,0,0,663.329833,0
1258,24,0,na_english,4,0,100,0,11,0,0,55.1453644,0
1469,24,0,na_english,4,0,100,0,11,0,0,1313.43109,0
1531,24,0,na_english,4,0,100,0,11,0,0,1712.71649,0
126,25,0,na_english,4,1,100,0,11,0,0,1408.56107,0
508,25,0,na_english,4,0,100,0,11,0,0,1706.0437,0
1067,25,0,na_english,4,0,100,0,11,0,0,393.154602,0
1886,25,0,na_english,4,1,100,0,11,0,0,1299.36007,0
1907,25,0,na_english,4,1,100,0,11,0,0,1086.63757,0
510,25,0,na_english,4,1,100,0,11,0,0,1434.91492,0
664,25,0,na_english,4,0,100,0,11,0,0,1194.9778,0
1648,26,0,na_english,4,1,100,0,11,0,0,1486.98697,0
420,26,0,na_english,4,1,100,0,11,0,0,1173.26752,0
509,26,0,na_english,4,0,100,0,11,0,0,1267.53983,0
668,26,0,na_english,4,1,100,0,11,0,0,813.280636,0
982,26,0,na_english,4,1,100,0,11,0,0,1420.5922,0
1132,26,0,na_english,4,0,100,0,11,0,0,8.70717476,0
1371,26,0,na_english,4,1,100,0,11,0,0,1004.11248,0
820,27,0,na_english,4,0,100,0,11,0,0,1112.81369,0
1727,27,0,na_english,4,0,100,0,11,0,0,439.219327,0
1961,27,0,na_english,4,1,100,0,11,0,0,1523.58654,0
2080,27,0,na_english,4,1,100,0,11,0,0,1468.17917,0
78,27,0,na_english,4,1,100,0,11,0,0,796.802025,0
618,27,0,na_english,4,0,100,0,11,0,0,649.661622,0
636,27,0,na_english,4,1,100,0,11,0,0,1760.28505,0
1205,27,0,na_english,4,0,100,0,11,0,0,1352.63619,0
1297,27,0,na_english,4,0,100,0,11,0,0,965.801273,0
1303,27,0,na_english,4,1,100,0,11,0,0,576.704385,0
1385,27,0,na_english,4,0,100,0,11,0,0,1060.76117,0
1719,27.5,0,na_english,4,0,100,0,11,0,0,1041.34956,0
469,28,0,na_english,4,1,100,0,11,0,0,1541.48405,0
1119,28,0,na_english,4,0,100,0,11,0,0,1196.54692,0
1172,29,0,na_english,4,0,100,0,11,0,0,1428.63771,0
1925,29,0,na_english,4,1,100,0,11,0,0,946.543154,0
1928,29,0,na_english,4,1,100,0,11,0,0,1398.44161,0
1951,29,0,na_english,4,1,100,0,11,0,0,1369.22988,0
111,29,0,na_english,4,1,100,0,11,0,0,939.295315,0
1552,29,0,na_english,4,1,100,0,11,0,0,1281.14379,0
1657,29,0,na_english,4,1,100,0,11,0,0,1163.43158,0
89,30,0,na_english,4,1,100,0,11,0,0,1089.82545,0
2061,30,0,na_english,4,1,100,0,11,0,0,2039.4004,0
120,30,0,na_english,4,0,100,0,11,0,0,867.974082,0
145,30,0,na_english,4,0,100,0,11,0,0,1205.84583,0
583,30,0,na_english,4,0,100,0,11,0,0,1970.02724,0
720,30,0,na_english,4,0,100,0,11,0,0,1740.77309,0
1374,30,0,na_english,4,1,100,0,11,0,0,1386.5667,0
1411,30,0,na_english,4,1,100,0,11,0,0,633.405235,0
1799,30,0,na_english,4,1,100,0,11,0,0,1612.77457,0
1173,31,0,na_english,4,1,100,0,11,0,0,2078.86517,0
1970,31,0,na_english,4,0,100,0,11,0,0,156.199635,0
1410,31,0,na_english,4,0,100,0,11,0,0,777.430823,0
1659,31,0,na_english,4,1,100,0,11,0,0,1565.50467,0
1818,31,0,na_english,4,1,100,0,11,0,0,1481.4416,0
1276,32,0,na_english,4,0,100,0,11,0,0,2919.65927,0
1875,32,0,na_english,4,1,100,0,11,0,0,526.171868,0
2074,32,0,na_english,4,0,100,0,11,0,0,1470.56633,0
138,32,0,na_english,4,0,100,0,11,0,0,157.215414,0
798,32,0,na_english,4,1,100,0,11,0,0,1581.59388,0
825,32,0,na_english,4,0,100,0,11,0,0,1049.20049,0
1214,32,0,na_english,4,1,100,0,11,0,0,776.618081,0
1430,32,0,na_english,4,1,100,0,11,0,0,824.317886,0
835,33,0,na_english,4,0,100,0,11,0,0,1184.76809,0
952,33,0,na_english,4,0,100,0,11,0,0,364.971869,0
1225,33,0,na_english,4,0,100,0,11,0,0,11.2342733,0
1656,33,0,na_english,4,1,100,0,11,0,0,2014.1258,0
1323,34,0,na_english,4,1,100,0,11,0,0,921.683276,0
535,35,0,na_english,4,0,100,0,11,0,0,1107.46651,0
79,37,0,na_english,4,1,100,0,11,0,0,1192.04348,0
1934,38,0,na_english,4,1,100,0,11,0,0,927.364511,0
2170,38,0,na_english,4,1,100,0,11,0,0,1223.39672,0
442,38,0,na_english,4,1,100,0,11,0,0,1407.17093,0
480,38,0,na_english,4,0,100,0,11,0,0,757.79712,0
1051,38,0,na_english,4,0,100,0,11,0,0,28.6651061,0
1110,38,0,na_english,4,1,100,0,11,0,0,1610.75017,0
1320,38,0,na_english,4,1,100,0,11,0,0,587.188946,0
1969,39,0,na_english,4,1,100,0,11,0,0,794.435137,0
489,39,0,na_english,4,0,100,0,11,0,0,1271.69651,0
858,39,0,na_english,4,0,100,0,11,0,0,670.30895,0
1113,40,0,na_english,4,1,100,0,11,0,0,717.537855,0
115,40,0,na_english,4,1,100,0,11,0,0,945.105215,0
523,40,0,na_english,4,1,100,0,11,0,0,157.537097,0
554,40,0,na_english,4,0,100,0,11,0,0,747.018265,0
1078,41,0,na_english,4,0,100,0,11,0,0,1746.71024,0
548,41,0,na_english,4,1,100,0,11,0,0,112.781214,0
547,41,0,na_english,4,0,100,0,11,0,0,76.4396582,0
2106,42,0,na_english,4,1,100,0,11,0,0,284.835314,0
61,42,0,na_english,4,0,100,0,11,0,0,1824.45086,0
518,42,0,na_english,4,0,100,0,11,0,0,15.6404338,0
606,42,0,na_english,4,1,100,0,11,0,0,2136.93922,0
81,43,0,na_english,4,0,100,0,11,0,0,667.726988,0
109,43,0,na_english,4,0,100,0,11,0,0,519.799473,0
550,43,0,na_english,4,1,100,0,11,0,0,1300.78252,0
1321,43,0,na_english,4,0,100,0,11,0,0,1089.40268,0
1555,43,0,na_english,4,0,100,0,11,0,0,817.859441,0
1546,44,0,na_english,4,0,100,0,11,0,0,966.688912,0
1563,44,0,na_english,4,1,100,0,11,0,0,1669.22362,0
1802,44,0,na_english,4,1,100,0,11,0,0,1021.46984,0
695,46,0,na_english,4,0,100,0,11,0,0,19.9364617,0
907,46,0,na_english,4,0,100,0,11,0,0,1359.93824,0
1315,46,0,na_english,4,0,100,0,11,0,0,362.62805,0
103,47,0,na_english,4,0,100,0,11,0,0,320.339113,0
1884,47,0,na_english,4,1,100,0,11,0,0,843.770439,0
127,47,0,na_english,4,0,100,0,11,0,0,636.278811,0
739,48,0,na_english,4,1,100,0,11,0,0,1588.05673,0
919,48,0,na_english,4,1,100,0,11,0,0,644.114511,0
794,49,0,na_english,4,0,100,0,11,0,0,1417.27152,0
146,50,0,na_english,4,1,100,0,11,0,0,2141.9739,0
150,50,0,na_english,4,0,100,0,11,0,0,367.378278,0
556,50,0,na_english,4,1,100,0,11,0,0,1272.12661,0
590,50,0,na_english,4,0,100,0,11,0,0,252.7353,0
918,50,0,na_english,4,1,100,0,11,0,0,38.2477583,0
2121,51,0,na_english,4,0,100,0,11,0,0,1411.25677,0
1908,52,0,na_english,4,1,100,0,11,0,0,1092.28889,0
2077,52,0,na_english,4,0,100,0,11,0,0,1109.77124,0
130,52,0,na_english,4,0,100,0,11,0,0,73.8128385,0
1163,52,0,na_english,4,0,100,0,11,0,0,1053.05898,0
116,53,0,na_english,4,1,100,0,11,0,0,1440.57304,0
155,53,0,na_english,4,0,100,0,11,0,0,1057.1988,0
1571,53,0,na_english,4,1,100,0,11,0,0,1743.56203,0
87,54,0,na_english,4,1,100,0,11,0,0,1693.88787,0
1220,54,0,na_english,4,0,100,0,11,0,0,1603.45136,0
1873,55,0,na_english,4,1,100,0,11,0,0,1230.74093,0
1413,55,0,na_english,4,1,100,0,11,0,0,1167.11679,0
1330,56,0,na_english,4,1,100,0,11,0,0,1354.43072,0
1872,57,0,na_english,4,0,100,0,11,0,0,1424.23543,0
584,57,0,na_english,4,0,100,0,11,0,0,1928.30498,0
1665,58,0,na_english,4,0,100,0,11,0,0,641.40876,0
1075,59,0,na_english,4,0,100,0,11,0,0,670.553666,0
94,60,0,na_english,4,1,100,0,11,0,0,2281.91415,0
1532,60,0,na_english,4,0,100,0,11,0,0,51.7171964,0
2167,63,0,na_english,4,1,100,0,11,0,0,1841.15972,0
674,63,0,na_english,4,1,100,0,11,0,0,1777.20796,0
1361,64,0,na_english,4,0,100,0,11,0,0,750.667726,0
1664,64,0,na_english,4,1,100,0,11,0,0,801.914802,0
1734,64,0,na_english,4,1,100,0,11,0,0,1593.28439,0
1803,66,0,na_english,4,1,100,0,11,0,0,1162.43432,0
112,67,0,na_english,4,0,100,0,11,0,0,243.291284,0
1412,68,0,na_english,4,1,100,0,11,0,0,1349.12827,0
1332,70,0,na_english,4,1,100,0,11,0,0,1277.96326,0
106,73,0,na_english,4,0,100,0,11,0,0,699.625987,0
1334,74,0,na_english,4,0,100,0,11,0,0,1659.34349,0
107,76,0,na_english,4,1,100,0,11,0,0,1389.47691,0
818,77,0,na_english,4,1,100,0,11,0,0,180.678004,0
1328,77,0,na_english,4,1,100,0,11,0,0,1915.71896,0
1307,80,0,na_english,4,0,100,0,11,0,0,1476.38699,0
1324,85,0,na_english,4,0,100,0,11,0,0,1016.89925,0
2103,86,0,na_english,4,1,100,0,11,0,0,2363.33538,0
1625,53,4,polish,14,1,100,0,6,0,0,1834.95478,0
1738,19,6,polish,14,0,95,0,6,0,0,1958.38565,0
1671,20,11,polish,14,0,84,0,6,0,0,270.831361,0
279,31,12,polish,14,1,84,0,6,0,0,1318.10099,0
2085,48,12,polish,14,1,83,0,6,0,0,1411.42393,0
841,23,15,polish,14,1,81,0,6,0,0,1409.11965,0
1750,25,5,russian,15,1,95,0,5,0,0,1445.82033,0
1947,29,6,russian,15,1,94,0,5,0,0,1447.57273,0
2027,68,14,russian,15,1,81,0,5,0,0,1115.3316,0
609,33,18,russian,15,0,78,0,5,0,0,896.098515,0
2026,45,6,spanish,16,0,94,0,5,0,0,26.1155662,0
1992,42,8,swedish,17,0,92,1,9,0,0,1064.85721,0
1195,36,10,swedish,17,1,90,1,9,0,0,1107.67033,0
1836,39,11,swedish,17,1,84,1,9,0,0,1667.10453,0
373,22,4,thai,18,0,87,2,9,0,0,2095.09694,0
1892,25,4,arabic,1,0,96,0,6,0.014492754,0.014285714,94.810149,0
1011,38,5,arabic,1,0,95,0,6,0.014492754,0.014285714,691.189443,0
521,18,0,BI_english,3,0,100,0,11,0.014492754,0.014285714,1108.43516,0
536,33,0,BI_english,3,0,100,0,11,0.014492754,0.014285714,1445.74391,0
144,34,0,BI_english,3,0,100,0,11,0.014492754,0.014285714,1886.44027,0
71,40,0,BI_english,3,0,100,0,11,0.014492754,0.014285714,801.107603,0
70,69,0,BI_english,3,0,100,0,11,0.014492754,0.014285714,1680.27799,0
881,31,11,german,8,1,84,0,8,0.014492754,0.014285714,2219.8771,0
1381,28,11,japanese,11,0,85,1,5,0.014492754,0.014285714,1782.15699,0
1843,27,14,korean,12,1,81,0,10,0.014492754,0.014285714,1599.77104,0
573,18,0,na_english,4,1,100,0,11,0.014492754,0.014285714,751.053566,0
840,18,0,na_english,4,1,100,0,11,0.014492754,0.014285714,563.113976,0
1212,20,0,na_english,4,1,100,0,11,0.014492754,0.014285714,975.254917,0
2046,21,0,na_english,4,0,100,0,11,0.014492754,0.014285714,1313.80973,0
2059,22,0,na_english,4,1,100,0,11,0.014492754,0.014285714,1188.95987,0
497,23,0,na_english,4,0,100,0,11,0.014492754,0.014285714,621.181556,0
821,23,0,na_english,4,0,100,0,11,0.014492754,0.014285714,1204.93995,0
572,24,0,na_english,4,0,100,0,11,0.014492754,0.014285714,1194.36759,0
775,25,0,na_english,4,0,100,0,11,0.014492754,0.014285714,1588.28541,0
1786,25,0,na_english,4,0,100,0,11,0.014492754,0.014285714,568.957397,0
793,26,0,na_english,4,1,100,0,11,0.014492754,0.014285714,1318.96983,0
1618,27,0,na_english,4,0,100,0,11,0.014492754,0.014285714,765.76047,0
1735,30,0,na_english,4,1,100,0,11,0.014492754,0.014285714,440.070789,0
2113,39,0,na_english,4,0,100,0,11,0.014492754,0.014285714,1245.87648,0
605,39,0,na_english,4,1,100,0,11,0.014492754,0.014285714,8.98724685,0
154,48,0,na_english,4,1,100,0,11,0.014492754,0.014285714,137.52631,0
795,52,0,na_english,4,1,100,0,11,0.014492754,0.014285714,1007.85347,0
1337,58,0,na_english,4,1,100,0,11,0.014492754,0.014285714,1421.89083,0
104,63,0,na_english,4,1,100,0,11,0.014492754,0.014285714,1603.71444,0
456,65,0,na_english,4,0,100,0,11,0.014492754,0.014285714,1111.31051,0
1667,74,0,na_english,4,1,100,0,11,0.014492754,0.014285714,1146.62268,0
2049,90,0,na_english,4,0,100,0,11,0.014492754,0.014285714,557.195309,0
648,35,11,russian,15,0,84,0,5,0.014492754,0.014285714,1452.61204,0
647,34,12,russian,15,1,83,0,5,0.014492754,0.014285714,1307.31128,0
1065,19,9,swedish,17,1,92,1,9,0.014492754,0.014285714,1663.83357,0
701,22,10,swedish,17,1,90,1,9,0.014492754,0.014285714,1237.98693,0
2161,22,3,arabic,1,0,97,0,6,0.014492754,0.014492754,4.15922863,0
1870,18,4,arabic,1,0,97,0,6,0.014492754,0.014492754,2151.2245,0
23,28,4,arabic,1,1,96,0,6,0.014492754,0.014492754,2234.78414,0
1777,23,6,arabic,1,0,94,0,6,0.014492754,0.014492754,954.174274,0
1487,21,9,arabic,1,1,91,0,6,0.014492754,0.014492754,1462.23919,0
2143,31,10,arabic,1,1,90,0,6,0.014492754,0.014492754,2607.45484,0
1677,43,12,arabic,1,0,83,0,6,0.014492754,0.014492754,50.8884351,0
1963,24,14,arabic,1,1,82,0,6,0.014492754,0.014492754,1190.7372,0
19,19,15,arabic,1,1,80,0,6,0.014492754,0.014492754,1956.46264,0
512,35,15,arabic,1,0,80,0,6,0.014492754,0.014492754,1196.11365,0
1699,28,17,arabic,1,1,78,0,6,0.014492754,0.014492754,1027.49212,0
2081,22,0,BI_english,3,0,100,0,11,0.014492754,0.014492754,458.585873,0
439,31,0,BI_english,3,0,100,0,11,0.014492754,0.014492754,1913.08351,0
1310,36,0,BI_english,3,0,100,0,11,0.014492754,0.014492754,972.353682,0
1482,22,10,dutch,6,1,90,0,13,0.014492754,0.014492754,1180.0505,0
1479,21,11,dutch,6,1,85,0,13,0.014492754,0.014492754,1354.97407,0
2115,37,11,dutch,6,1,84,0,13,0.014492754,0.014492754,1295.21907,0
1260,23,12,dutch,6,1,83,0,13,0.014492754,0.014492754,2349.47348,0
913,39,12,dutch,6,0,83,0,13,0.014492754,0.014492754,1485.60916,0
1274,21,13,dutch,6,1,82,0,13,0.014492754,0.014492754,1533.50543,0
1268,23,13,dutch,6,0,82,0,13,0.014492754,0.014492754,1464.41127,0
1270,23,13,dutch,6,1,82,0,13,0.014492754,0.014492754,1714.08579,0
1271,23,13,dutch,6,1,82,0,13,0.014492754,0.014492754,1983.35863,0
1269,23,14,dutch,6,1,81,0,13,0.014492754,0.014492754,715.567825,0
1021,54,10,french,7,1,90,0,12,0.014492754,0.014492754,1549.09519,0
1535,22,11,french,7,0,84,0,12,0.014492754,0.014492754,332.761707,0
860,20,12,french,7,0,83,0,12,0.014492754,0.014492754,1178.42515,0
629,23,14,french,7,1,81.5,0,12,0.014492754,0.014492754,1176.24027,0
1383,27,10,german,8,0,90,0,8,0.014492754,0.014492754,1776.17493,0
882,53,10,german,8,1,90,0,8,0.014492754,0.014492754,1330.66323,0
928,19,11,german,8,1,84,0,8,0.014492754,0.014492754,1233.79608,0
501,20,11,german,8,0,84,0,8,0.014492754,0.014492754,633.6946,0
1443,21,11,german,8,1,84,0,8,0.014492754,0.014492754,254.737047,0
1092,21,12,german,8,1,83,0,8,0.014492754,0.014492754,1849.74567,0
190,29,12,german,8,1,83,0,8,0.014492754,0.014492754,1447.24704,0
1707,29,12,german,8,1,83,0,8,0.014492754,0.014492754,6959.49489,0
189,48,12,german,8,1,83,0,8,0.014492754,0.014492754,1797.18976,0
589,43,10,italian,10,0,90,0,7,0.014492754,0.014492754,2199.15463,0
1177,34,14,italian,10,1,81,0,7,0.014492754,0.014492754,1267.88908,0
681,38,14,italian,10,1,81,0,7,0.014492754,0.014492754,1232.51007,0
219,55,21,italian,10,0,70,0,7,0.014492754,0.014492754,299.898585,0
1521,45,12,japanese,11,0,83,1,5,0.014492754,0.014492754,2056.67337,0
1626,52,13,japanese,11,1,82,1,5,0.014492754,0.014492754,27.7390591,0
1684,57,13,japanese,11,1,82,1,5,0.014492754,0.014492754,1649.58867,0
1833,21,14,japanese,11,0,82,1,5,0.014492754,0.014492754,359.361882,0
892,22,8,korean,12,1,92,0,10,0.014492754,0.014492754,1425.399,0
1848,25,10,korean,12,0,90,0,10,0.014492754,0.014492754,1124.66279,0
2158,40,12,korean,12,0,83,0,10,0.014492754,0.014492754,1689.19224,0
623,23,1,mandarin,13,0,60,2,6,0.014492754,0.014492754,369.125562,0
2119,27,12,mandarin,13,0,83,2,6,0.014492754,0.014492754,1419.63086,0
1817,38,13,mandarin,13,1,82,2,6,0.014492754,0.014492754,1419.84966,0
503,18,0,na_english,4,1,100,0,11,0.014492754,0.014492754,1163.71543,0
1246,18,0,na_english,4,0,100,0,11,0.014492754,0.014492754,1707.02278,0
1493,18,0,na_english,4,1,100,0,11,0.014492754,0.014492754,823.850059,0
67,18,0,na_english,4,1,100,0,11,0.014492754,0.014492754,995.455821,0
551,18,0,na_english,4,0,100,0,11,0.014492754,0.014492754,119.340934,0
921,18,0,na_english,4,1,100,0,11,0.014492754,0.014492754,285.343176,0
1637,18,0,na_english,4,0,100,0,11,0.014492754,0.014492754,984.156479,0
1890,19,0,na_english,4,0,100,0,11,0.014492754,0.014492754,1267.80614,0
416,19,0,na_english,4,0,100,0,11,0.014492754,0.014492754,913.912516,0
673,19,0,na_english,4,0,100,0,11,0.014492754,0.014492754,917.025681,0
1071,19,0,na_english,4,0,100,0,11,0.014492754,0.014492754,466.692522,0
1668,19,0,na_english,4,0,100,0,11,0.014492754,0.014492754,781.428549,0
113,20,0,na_english,4,0,100,0,11,0.014492754,0.014492754,1285.56799,0
1801,20,0,na_english,4,1,100,0,11,0.014492754,0.014492754,519.017108,0
92,21,0,na_english,4,0,100,0,11,0.014492754,0.014492754,1109.50649,0
137,21,0,na_english,4,0,100,0,11,0.014492754,0.014492754,744.361965,0
66,21,0,na_english,4,0,100,0,11,0.014492754,0.014492754,761.175138,0
465,21,0,na_english,4,0,100,0,11,0.014492754,0.014492754,987.987132,0
977,21,0,na_english,4,1,100,0,11,0.014492754,0.014492754,1161.49751,0
1207,21,0,na_english,4,1,100,0,11,0.014492754,0.014492754,959.863604,0
791,22,0,na_english,4,0,100,0,11,0.014492754,0.014492754,741.994153,0
2055,23,0,na_english,4,0,100,0,11,0.014492754,0.014492754,723.170672,0
1224,23,0,na_english,4,1,100,0,11,0.014492754,0.014492754,525.769428,0
1226,23,0,na_english,4,0,100,0,11,0.014492754,0.014492754,1868.7792,0
1528,23,0,na_english,4,0,100,0,11,0.014492754,0.014492754,674.926928,0
1358,24,0,na_english,4,1,100,0,11,0.014492754,0.014492754,823.364375,0
824,25,0,na_english,4,0,100,0,11,0.014492754,0.014492754,1095.09914,0
856,25,0,na_english,4,1,100,0,11,0.014492754,0.014492754,743.440718,0
1121,25,0,na_english,4,0,100,0,11,0.014492754,0.014492754,712.026122,0
2162,26,0,na_english,4,1,100,0,11,0.014492754,0.014492754,961.525988,0
815,26,0,na_english,4,0,100,0,11,0.014492754,0.014492754,806.666655,0
1174,28,0,na_english,4,0,100,0,11,0.014492754,0.014492754,567.869097,0
1312,28,0,na_english,4,0,100,0,11,0.014492754,0.014492754,496.715838,0
1384,29,0,na_english,4,0,100,0,11,0.014492754,0.014492754,1062.97643,0
124,30,0,na_english,4,0,100,0,11,0.014492754,0.014492754,245.91227,0
1640,30,0,na_english,4,0,100,0,11,0.014492754,0.014492754,210.641562,0
527,31,0,na_english,4,0,100,0,11,0.014492754,0.014492754,889.677017,0
890,31,0,na_english,4,0,100,0,11,0.014492754,0.014492754,728.745156,0
1372,31,0,na_english,4,1,100,0,11,0.014492754,0.014492754,1007.83791,0
1390,31,0,na_english,4,0,100,0,11,0.014492754,0.014492754,410.484571,0
1530,31,0,na_english,4,0,100,0,11,0.014492754,0.014492754,1424.65617,0
637,32,0,na_english,4,0,100,0,11,0.014492754,0.014492754,692.441125,0
1176,32,0,na_english,4,0,100,0,11,0.014492754,0.014492754,1596.30417,0
1326,32,0,na_english,4,1,100,0,11,0.014492754,0.014492754,953.040706,0
1375,32,0,na_english,4,0,100,0,11,0.014492754,0.014492754,591.442466,0
1876,33,0,na_english,4,0,100,0,11,0.014492754,0.014492754,1031.47499,0
1122,33,0,na_english,4,0,100,0,11,0.014492754,0.014492754,1073.49727,0
487,34,0,na_english,4,1,100,0,11,0.014492754,0.014492754,744.595113,0
538,35,0,na_english,4,0,100,0,11,0.014492754,0.014492754,830.477704,0
1242,37,0,na_english,4,0,100,0,11,0.014492754,0.014492754,638.633056,0
734,38,0,na_english,4,0,100,0,11,0.014492754,0.014492754,1136.65288,0
748,38,0,na_english,4,1,100,0,11,0.014492754,0.014492754,579.650792,0
408,39,0,na_english,4,1,100,0,11,0.014492754,0.014492754,588.81091,0
552,43,0,na_english,4,0,100,0,11,0.014492754,0.014492754,807.604235,0
799,44,0,na_english,4,0,100,0,11,0.014492754,0.014492754,1144.38781,0
1137,46,0,na_english,4,0,100,0,11,0.014492754,0.014492754,1615.94056,0
1217,46,0,na_english,4,1,100,0,11,0.014492754,0.014492754,672.295126,0
1926,50,0,na_english,4,1,100,0,11,0.014492754,0.014492754,1511.78504,0
91,50,0,na_english,4,1,100,0,11,0.014492754,0.014492754,1302.94276,0
76,53,0,na_english,4,0,100,0,11,0.014492754,0.014492754,1439.40414,0
1188,53,0,na_english,4,0,100,0,11,0.014492754,0.014492754,914.008612,0
1819,54,0,na_english,4,1,100,0,11,0.014492754,0.014492754,1009.3987,0
159,55,0,na_english,4,1,100,0,11,0.014492754,0.014492754,65.6727252,0
407,57,0,na_english,4,0,100,0,11,0.014492754,0.014492754,1165.77525,0
98,59,0,na_english,4,1,100,0,11,0.014492754,0.014492754,1392.24975,0
1962,60,0,na_english,4,0,100,0,11,0.014492754,0.014492754,701.489071,0
445,60,0,na_english,4,1,100,0,11,0.014492754,0.014492754,2218.41155,0
114,63,0,na_english,4,0,100,0,11,0.014492754,0.014492754,495.817286,0
1658,64,0,na_english,4,1,100,0,11,0.014492754,0.014492754,1262.98211,0
586,68,0,na_english,4,0,100,0,11,0.014492754,0.014492754,757.348833,0
1278,19,8,polish,14,0,93,0,6,0.014492754,0.014492754,1708.07512,0
1653,21,8,polish,14,0,92,0,6,0.014492754,0.014492754,170.289201,0
626,26,8,polish,14,1,92,0,6,0.014492754,0.014492754,800.657932,0
1652,19,11,polish,14,0,85,0,6,0.014492754,0.014492754,1877.10936,0
1453,33,13,polish,14,1,83,0,6,0.014492754,0.014492754,1177.01639,0
1918,34,16,polish,14,1,79,0,6,0.014492754,0.014492754,989.271929,0
2137,29,6,russian,15,1,94,0,5,0.014492754,0.014492754,1709.80048,0
2105,24,7,russian,15,1,93,0,5,0.014492754,0.014492754,1194.68509,0
1774,23,8,russian,15,1,93,0,5,0.014492754,0.014492754,1502.1853,0
1932,27,8,russian,15,1,92,0,5,0.014492754,0.014492754,1652.12154,0
1279,18,12,russian,15,0,84,0,5,0.014492754,0.014492754,651.379457,0
1467,27,16,russian,15,0,80,0,5,0.014492754,0.014492754,1827.81079,0
834,40,17,russian,15,0,78,0,5,0.014492754,0.014492754,1712.13771,0
1518,25,20,russian,15,0,76,0,5,0.014492754,0.014492754,1637.31054,0
1797,46,12,spanish,16,0,84,0,5,0.014492754,0.014492754,891.981125,0
1441,23,7,swedish,17,0,61,1,9,0.014492754,0.014492754,766.143621,0
1445,28,10,swedish,17,1,90,1,9,0.014492754,0.014492754,1244.2278,0
2011,50,12,swedish,17,0,83,1,9,0.014492754,0.014492754,2367.78635,0
2114,24,9,arabic,1,1,91,0,6,0.028985507,0.028169014,1991.01193,0
1635,20,0,BI_english,3,0,100,0,11,0.028985507,0.028169014,709.054134,0
1322,40,3.5,italian,10,0,88,0,7,0.028985507,0.028169014,617.805401,0
504,36,0,na_english,4,1,100,0,11,0.028985507,0.028169014,287.80921,0
444,56,0,na_english,4,0,100,0,11,0.028985507,0.028169014,700.646147,0
84,71,0,na_english,4,0,100,0,11,0.028985507,0.028169014,454.967015,0
16,18,2.5,arabic,1,0,98,0,6,0.028985507,0.028571429,724.255542,0
1927,26,12,arabic,1,1,83,0,6,0.028985507,0.028571429,1416.514,0
1914,22,17,arabic,1,0,78,0,6,0.028985507,0.028571429,1026.3276,0
1526,36,17,arabic,1,0,78,0,6,0.028985507,0.028571429,1843.29653,0
1828,29,21,arabic,1,1,69,0,6,0.028985507,0.028571429,1794.02783,0
68,35,0,BI_english,3,1,100,0,11,0.028985507,0.028571429,1026.05449,0
1554,37,0,BI_english,3,1,100,0,11,0.028985507,0.028571429,469.154649,0
1742,22,2,dutch,6,0,86,0,13,0.028985507,0.028571429,826.911121,0
897,68,12,dutch,6,1,83,0,13,0.028985507,0.028571429,813.548113,0
651,29,14,german,8,1,81,0,8,0.028985507,0.028571429,1429.61427,0
759,50,12,korean,12,1,83,0,10,0.028985507,0.028571429,1309.16204,0
1952,20,13,korean,12,0,83,0,10,0.028985507,0.028571429,1074.13628,0
2134,25,16,korean,12,0,80,0,10,0.028985507,0.028571429,776.63331,0
984,38,9,mandarin,13,1,91,2,6,0.028985507,0.028571429,2099.2624,0
1259,19,0,na_english,4,0,100,0,11,0.028985507,0.028571429,1284.15829,0
522,22,0,na_english,4,0,100,0,11,0.028985507,0.028571429,11.2543031,0
161,31,0,na_english,4,0,100,0,11,0.028985507,0.028571429,238.254767,0
1340,39,0,na_english,4,0,100,0,11,0.028985507,0.028571429,905.258337,0
162,42,0,na_english,4,0,100,0,11,0.028985507,0.028571429,1241.18627,0
679,45,0,na_english,4,1,100,0,11,0.028985507,0.028571429,1601.04716,0
1086,45,0,na_english,4,1,100,0,11,0.028985507,0.028571429,1302.73069,0
164,52,0,na_english,4,1,100,0,11,0.028985507,0.028571429,1086.83501,0
678,53,0,na_english,4,0,100,0,11,0.028985507,0.028571429,48.9452543,0
1327,57,0,na_english,4,0,100,0,11,0.028985507,0.028571429,1279.2171,0
1997,63,0,na_english,4,0,100,0,11,0.028985507,0.028571429,1186.79947,0
2064,21,7,polish,14,0,94,0,6,0.028985507,0.028571429,1599.37224,0
2062,42,14,polish,14,0,81,0,6,0.028985507,0.028571429,1647.82943,0
1737,19,16,polish,14,0,80,0,6,0.028985507,0.028571429,1452.18324,0
1171,97,35,polish,14,0,60,0,6,0.028985507,0.028571429,1480.32861,0
308,66,12,russian,15,0,83,0,5,0.028985507,0.028571429,68.4601991,0
1807,40,11,spanish,16,1,84,0,5,0.028985507,0.028571429,1410.12422,0
1897,19,3,arabic,1,1,97.5,0,6,0.028985507,0.028985507,959.951338,0
2008,19,4,arabic,1,1,96,0,6,0.028985507,0.028985507,1616.93869,0
1805,20,6,arabic,1,0,94,0,6,0.028985507,0.028985507,2036.93741,0
14,32,11,arabic,1,0,84,0,6,0.028985507,0.028985507,1725.96031,0
1917,42,12,arabic,1,0,83,0,6,0.028985507,0.028985507,2254.49907,0
13,30,14,arabic,1,1,81,0,6,0.028985507,0.028985507,1520.49029,0
2157,25,16,arabic,1,1,79,0,6,0.028985507,0.028985507,1975.73958,0
1088,20,0,BI_english,3,1,100,0,11,0.028985507,0.028985507,647.818078,0
1724,20,0,BI_english,3,0,100,0,11,0.028985507,0.028985507,1294.87104,0
421,21,0,BI_english,3,0,100,0,11,0.028985507,0.028985507,1016.53897,0
1428,22,0,BI_english,3,1,100,0,11,0.028985507,0.028985507,381.104435,0
506,22,0,BI_english,3,1,100,0,11,0.028985507,0.028985507,1295.26114,0
869,24,0,BI_english,3,0,100,0,11,0.028985507,0.028985507,899.59567,0
1672,24,0,BI_english,3,0,100,0,11,0.028985507,0.028985507,666.575052,0
1108,37,0,BI_english,3,1,100,0,11,0.028985507,0.028985507,1292.27246,0
549,38,0,BI_english,3,0,100,0,11,0.028985507,0.028985507,1197.83795,0
100,53,0,BI_english,3,0,100,0,11,0.028985507,0.028985507,693.689393,0
1275,22,8,dutch,6,0,93,0,13,0.028985507,0.028985507,1418.33297,0
1261,21,12,dutch,6,1,84,0,13,0.028985507,0.028985507,1411.09956,0
1476,21,12,dutch,6,1,83,0,13,0.028985507,0.028985507,1310.47297,0
1743,22,12,dutch,6,1,83,0,13,0.028985507,0.028985507,1184.75834,0
896,35,12,dutch,6,1,83,0,13,0.028985507,0.028985507,1805.19275,0
1262,23,14,dutch,6,0,81,0,13,0.028985507,0.028985507,768.945651,0
58,41,14,dutch,6,0,81,0,13,0.028985507,0.028985507,656.045403,0
1189,27,10,french,7,0,90,0,12,0.028985507,0.028985507,891.631405,0
500,31,10,french,7,0,90,0,12,0.028985507,0.028985507,854.391957,0
1304,32,10,french,7,1,90,0,12,0.028985507,0.028985507,779.362716,0
616,22,8,german,8,0,92,0,8,0.028985507,0.028985507,5.29230251,0
192,19,11,german,8,1,85,0,8,0.028985507,0.028985507,1208.98557,0
191,19,12,german,8,1,84,0,8,0.028985507,0.028985507,1377.32608,0
839,48,15,italian,10,0,80,0,7,0.028985507,0.028985507,1176.59291,0
2058,23,10,korean,12,0,92,0,10,0.028985507,0.028985507,1777.45276,0
474,34,12,korean,12,0,83,0,10,0.028985507,0.028985507,1470.15346,0
262,22,5,mandarin,13,0,95,2,6,0.028985507,0.028985507,314.490924,0
1630,21,16,mandarin,13,0,80,2,6,0.028985507,0.028985507,1915.01763,0
1888,18,0,na_english,4,1,100,0,11,0.028985507,0.028985507,1049.22484,0
139,18,0,na_english,4,1,100,0,11,0.028985507,0.028985507,1167.41936,0
153,18,0,na_english,4,0,100,0,11,0.028985507,0.028985507,808.470063,0
528,18,0,na_english,4,0,100,0,11,0.028985507,0.028985507,1103.78001,0
517,19,0,na_english,4,0,100,0,11,0.028985507,0.028985507,432.00003,0
567,19,0,na_english,4,0,100,0,11,0.028985507,0.028985507,422.689807,0
631,19,0,na_english,4,0,100,0,11,0.028985507,0.028985507,395.765725,0
905,20,0,na_english,4,0,100,0,11,0.028985507,0.028985507,161.289327,0
802,21,0,na_english,4,1,100,0,11,0.028985507,0.028985507,1292.31019,0
639,21,0,na_english,4,1,100,0,11,0.028985507,0.028985507,1355.19471,0
1331,21,0,na_english,4,1,100,0,11,0.028985507,0.028985507,785.862656,0
1720,21,0,na_english,4,0,100,0,11,0.028985507,0.028985507,57.978398,0
1559,22,0,na_english,4,1,100,0,11,0.028985507,0.028985507,1017.58247,0
1533,23,0,na_english,4,1,100,0,11,0.028985507,0.028985507,1235.9128,0
1395,24,0,na_english,4,1,100,0,11,0.028985507,0.028985507,1246.71927,0
1120,26,0,na_english,4,1,100,0,11,0.028985507,0.028985507,756.41387,0
1538,27,0,na_english,4,0,100,0,11,0.028985507,0.028985507,982.74782,0
455,32,0,na_english,4,1,100,0,11,0.028985507,0.028985507,1061.7663,0
1319,32,0,na_english,4,1,100,0,11,0.028985507,0.028985507,844.510803,0
121,45,0,na_english,4,1,100,0,11,0.028985507,0.028985507,1232.10327,0
1360,47,0,na_english,4,0,100,0,11,0.028985507,0.028985507,2084.27116,0
1235,60,0,na_english,4,0,100,0,11,0.028985507,0.028985507,1415.24529,0
110,62,0,na_english,4,0,100,0,11,0.028985507,0.028985507,804.311841,0
546,75,0,na_english,4,1,100,0,11,0.028985507,0.028985507,32.6692776,0
1218,84,0,na_english,4,1,100,0,11,0.028985507,0.028985507,885.762296,0
482,22,9,polish,14,0,91,0,6,0.028985507,0.028985507,1794.79637,0
1924,24,4,russian,15,1,96,0,5,0.028985507,0.028985507,696.997363,0
309,23,7,russian,15,0,94,0,5,0.028985507,0.028985507,917.392027,0
307,54,13,russian,15,1,82,0,5,0.028985507,0.028985507,1383.71356,0
342,34,14,spanish,16,0,83,0,5,0.028985507,0.028985507,1958.94728,0
1752,23,9,swedish,17,0,91,1,9,0.028985507,0.028985507,1779.94093,0
1027,20,10,swedish,17,0,90,1,9,0.028985507,0.028985507,1327.49493,0
354,22,10,swedish,17,0,90,1,9,0.028985507,0.028985507,67.5446735,0
1824,22,12,swedish,17,0,84,1,9,0.028985507,0.028985507,1027.24545,0
1850,52,17,vietnamese,19,0,79,2,11,0.028985507,0.028985507,1739.51591,0
129,37,0,na_english,4,0,100,0,11,0.043478261,0.041666667,891.648985,0
2153,21,7,arabic,1,0,93,0,6,0.043478261,0.042253521,904.586199,0
1293,25,0,BI_english,3,1,100,0,11,0.043478261,0.042253521,763.706206,0
223,49,12,japanese,11,1,83,1,5,0.043478261,0.042253521,1640.07308,0
261,28,12,mandarin,13,1,83,2,6,0.043478261,0.042253521,1537.88043,0
876,60,0,na_english,4,0,100,0,11,0.043478261,0.042253521,1434.36808,0
1245,25,9,polish,14,1,91,0,6,0.043478261,0.042253521,1353.11839,0
1057,21,5,russian,15,1,95,0,5,0.043478261,0.042253521,1953.85538,0
1861,20,8,swedish,17,1,93,1,9,0.043478261,0.042253521,1158.04648,0
2010,19,11,vietnamese,19,1,86,2,11,0.043478261,0.042253521,884.555209,0
1455,29,7,arabic,1,1,93,0,6,0.043478261,0.042857143,1202.50363,0
1013,70,10,arabic,1,0,90,0,6,0.043478261,0.042857143,1465.6234,0
738,20,0,BI_english,3,0,100,0,11,0.043478261,0.042857143,951.822569,0
1281,21,0,BI_english,3,0,100,0,11,0.043478261,0.042857143,1439.00562,0
611,35,0,BI_english,3,0,100,0,11,0.043478261,0.042857143,1457.44594,0
82,37,0,BI_english,3,0,100,0,11,0.043478261,0.042857143,1040.73078,0
1494,23,10,german,8,0,90,0,8,0.043478261,0.042857143,1219.46178,0
1847,53,13,japanese,11,1,82,1,5,0.043478261,0.042857143,780.942582,0
1687,19,8,korean,12,1,92,0,10,0.043478261,0.042857143,1092.94716,0
1256,19,0,na_english,4,0,100,0,11,0.043478261,0.042857143,403.408543,0
1560,19,0,na_english,4,0,100,0,11,0.043478261,0.042857143,931.795911,0
73,21,0,na_english,4,0,100,0,11,0.043478261,0.042857143,711.14966,0
1641,22,0,na_english,4,0,100,0,11,0.043478261,0.042857143,1074.87972,0
705,23,0,na_english,4,1,100,0,11,0.043478261,0.042857143,1314.78556,0
62,35,0,na_english,4,1,100,0,11,0.043478261,0.042857143,1149.27079,0
2124,46,0,na_english,4,0,100,0,11,0.043478261,0.042857143,633.411963,0
105,52,0,na_english,4,0,100,0,11,0.043478261,0.042857143,606.636533,0
1343,83,0,na_english,4,1,100,0,11,0.043478261,0.042857143,1720.77984,0
1844,30,10,russian,15,1,90,0,5,0.043478261,0.042857143,1937.34438,0
301,54,13,russian,15,0,82,0,5,0.043478261,0.042857143,1325.19801,0
1191,21,14,russian,15,0,82,0,5,0.043478261,0.042857143,1013.66317,0
352,20,10,swedish,17,0,91,1,9,0.043478261,0.042857143,792.547337,0
630,21,11,swedish,17,1,85,1,9,0.043478261,0.042857143,1227.14378,0
1529,24,9,vietnamese,19,1,92,2,11,0.043478261,0.042857143,2163.66572,0
1460,26,8,arabic,1,0,92,0,6,0.043478261,0.043478261,894.653069,0
1426,29,8,arabic,1,1,92,0,6,0.043478261,0.043478261,1396.79268,0
1203,42,12,arabic,1,0,83,0,6,0.043478261,0.043478261,956.895622,0
1420,19,13,arabic,1,0,83,0,6,0.043478261,0.043478261,750.800032,0
1711,60,14,arabic,1,0,81,0,6,0.043478261,0.043478261,1549.69723,0
15,25,15,arabic,1,0,80,0,6,0.043478261,0.043478261,1152.172,0
1287,20,0,BI_english,3,0,100,0,11,0.043478261,0.043478261,1535.15895,0
492,25,0,BI_english,3,0,100,0,11,0.043478261,0.043478261,62.8531483,0
443,31,0,BI_english,3,0,100,0,11,0.043478261,0.043478261,882.056712,0
1263,22,11,dutch,6,1,84,0,13,0.043478261,0.043478261,1792.6138,0
1740,21,12,dutch,6,1,83,0,13,0.043478261,0.043478261,1924.32736,0
1265,21,13,dutch,6,1,82,0,13,0.043478261,0.043478261,1192.37531,0
770,54,13,dutch,6,1,82,0,13,0.043478261,0.043478261,1366.18395,0
514,31,11,french,7,0,84,0,12,0.043478261,0.043478261,591.490896,0
179,20,12,french,7,1,83,0,12,0.043478261,0.043478261,1043.32645,0
755,39,12,french,7,0,83,0,12,0.043478261,0.043478261,539.826275,0
1429,44,13.5,french,7,1,82,0,12,0.043478261,0.043478261,832.783402,0
1877,39,10,german,8,0,90,0,8,0.043478261,0.043478261,1254.39995,0
640,20,11,german,8,1,84,0,8,0.043478261,0.043478261,12.9485322,0
1994,18,14,german,8,1,81,0,8,0.043478261,0.043478261,1231.26788,0
1175,23,6,italian,10,0,96.5,0,7,0.043478261,0.043478261,819.225616,0
942,40,14,italian,10,0,81,0,7,0.043478261,0.043478261,910.797987,0
1696,18,7,korean,12,1,97,0,10,0.043478261,0.043478261,613.714738,0
1386,34,12,korean,12,1,83,0,10,0.043478261,0.043478261,1152.97949,0
1019,39,11,mandarin,13,1,84,2,6,0.043478261,0.043478261,1000.57344,0
1447,45,15,mandarin,13,0,80,2,6,0.043478261,0.043478261,2088.37667,0
2116,33,16,mandarin,13,1,79,2,6,0.043478261,0.043478261,1081.88671,0
446,19,0,na_english,4,0,100,0,11,0.043478261,0.043478261,785.440511,0
1958,20,0,na_english,4,1,100,0,11,0.043478261,0.043478261,643.198715,0
511,20,0,na_english,4,0,100,0,11,0.043478261,0.043478261,1056.12383,0
427,21,0,na_english,4,0,100,0,11,0.043478261,0.043478261,618.416783,0
855,21,0,na_english,4,0,100,0,11,0.043478261,0.043478261,60.8563827,0
850,29,0,na_english,4,1,100,0,11,0.043478261,0.043478261,541.145984,0
85,37,0,na_english,4,1,100,0,11,0.043478261,0.043478261,671.829837,0
75,39,0,na_english,4,1,100,0,11,0.043478261,0.043478261,1043.28043,0
132,52,0,na_english,4,0,100,0,11,0.043478261,0.043478261,148.665109,0
86,54,0,na_english,4,0,100,0,11,0.043478261,0.043478261,1031.34459,0
1995,56,0,na_english,4,0,100,0,11,0.043478261,0.043478261,470.734271,0
74,79,0,na_english,4,0,100,0,11,0.043478261,0.043478261,1178.76534,0
2050,84,0,na_english,4,1,100,0,11,0.043478261,0.043478261,960.761673,0
1748,20,11,polish,14,0,84,0,6,0.043478261,0.043478261,1600.98257,0
1254,21,6,russian,15,0,95,0,5,0.043478261,0.043478261,911.22819,0
1407,19,15,russian,15,0,81,0,5,0.043478261,0.043478261,139.641583,0
911,28,17,russian,15,1,78,0,5,0.043478261,0.043478261,1785.32609,0
299,37,36,russian,15,0,65,0,5,0.043478261,0.043478261,540.841368,0
12,26,5,arabic,1,0,95,0,6,0.057971014,0.054794521,1248.73993,0
1341,48,0,na_english,4,1,100,0,11,0.057971014,0.055555556,1501.13731,0
181,22,11,french,7,1,84,0,12,0.057971014,0.056338028,1104.80587,0
861,23,0,na_english,4,0,100,0,11,0.057971014,0.056338028,7.28324663,0
1339,82,0,na_english,4,1,100,0,11,0.057971014,0.056338028,1374.68322,0
1133,19,8,arabic,1,1,93,0,6,0.057971014,0.057142857,1327.11957,0
927,42,13,arabic,1,0,82,0,6,0.057971014,0.057142857,1282.27989,0
21,18,15,arabic,1,1,80.5,0,6,0.057971014,0.057142857,1222.56952,0
1827,47,16,arabic,1,0,79,0,6,0.057971014,0.057142857,340.466923,0
118,34,0,BI_english,3,0,100,0,11,0.057971014,0.057142857,946.363644,0
1551,36,8,dutch,6,0,92,0,13,0.057971014,0.057142857,1019.95077,0
1517,41,13,dutch,6,0,82,0,13,0.057971014,0.057142857,961.974423,0
1976,59,23,italian,10,1,68,0,7,0.057971014,0.057142857,971.524018,0
1942,24,5,japanese,11,0,97,1,5,0.057971014,0.057142857,777.305176,0
225,25,12,japanese,11,1,83,1,5,0.057971014,0.057142857,1202.01835,0
1814,20,11,korean,12,1,85,0,10,0.057971014,0.057142857,1099.90225,0
242,50,12,korean,12,1,83,0,10,0.057971014,0.057142857,1799.66279,0
1788,25,9,mandarin,13,0,92,2,6,0.057971014,0.057142857,2635.46732,0
1154,18,15,mandarin,13,0,81,2,6,0.057971014,0.057142857,643.442207,0
986,20,0,na_english,4,0,100,0,11,0.057971014,0.057142857,311.437556,0
147,42,0,na_english,4,1,100,0,11,0.057971014,0.057142857,1647.12873,0
2029,81,0,na_english,4,1,100,0,11,0.057971014,0.057142857,722.22203,0
883,40,20,polish,14,0,79,0,6,0.057971014,0.057142857,778.205039,0
994,30,11,russian,15,0,84,0,5,0.057971014,0.057142857,1233.06131,0
2151,23,8,vietnamese,19,0,94,2,11,0.057971014,0.057142857,375.17176,0
1940,33,11,vietnamese,19,1,84,2,11,0.057971014,0.057142857,1966.57446,0
1392,36,6,arabic,1,0,94,0,6,0.057971014,0.057971014,783.610685,0
2160,21,10,arabic,1,0,91,0,6,0.057971014,0.057971014,1473.65067,0
743,18,10,dutch,6,0,91,0,13,0.057971014,0.057971014,1484.19719,0
57,38,13,dutch,6,0,82,0,13,0.057971014,0.057971014,3068.61307,0
1938,20,5,french,7,1,86,0,12,0.057971014,0.057971014,850.582917,0
1751,67,14,french,7,1,81,0,12,0.057971014,0.057971014,1022.08271,0
1406,23,6,italian,10,1,94,0,7,0.057971014,0.057971014,1387.18656,0
619,18,8,italian,10,0,94,0,7,0.057971014,0.057971014,831.409867,0
1489,49,11,italian,10,0,84,0,7,0.057971014,0.057971014,1166.88081,0
1722,30,13,korean,12,1,82,0,10,0.057971014,0.057971014,2043.85711,0
1370,42,13,korean,12,0,82,0,10,0.057971014,0.057971014,1769.1108,0
239,23,14,korean,12,1,81,0,10,0.057971014,0.057971014,1113.21269,0
2015,21,21,korean,12,1,73,0,10,0.057971014,0.057971014,1039.00702,0
491,19,3,mandarin,13,0,99,2,6,0.057971014,0.057971014,1148.73057,0
259,24,6,mandarin,13,1,94,2,6,0.057971014,0.057971014,1277.49726,0
1527,23,12,mandarin,13,1,83,2,6,0.057971014,0.057971014,85.8928013,0
93,18,0,na_english,4,1,100,0,11,0.057971014,0.057971014,1002.61364,0
1471,20,0,na_english,4,1,100,0,11,0.057971014,0.057971014,56.0300118,0
534,28,0,na_english,4,0,100,0,11,0.057971014,0.057971014,199.180495,0
83,57,0,na_english,4,0,100,0,11,0.057971014,0.057971014,562.719151,0
95,60,0,na_english,4,0,100,0,11,0.057971014,0.057971014,992.449223,0
142,73,0,na_english,4,0,100,0,11,0.057971014,0.057971014,1555.96747,0
2107,26,6,russian,15,1,94,0,5,0.057971014,0.057971014,135.50938,0
303,35,6,russian,15,1,94,0,5,0.057971014,0.057971014,1188.1686,0
1317,24,17,russian,15,1,78,0,5,0.057971014,0.057971014,1631.59668,0
1073,33,19,russian,15,1,77,0,5,0.057971014,0.057971014,1909.17341,0
2065,31,7,swedish,17,0,93,1,9,0.057971014,0.057971014,395.842659,0
1192,57,18,vietnamese,19,1,77,2,11,0.057971014,0.057971014,1261.96336,0
69,71,0,BI_english,3,1,100,0,11,0.072463768,0.067567568,1347.75175,0
1464,21,14,dutch,6,0,81,0,13,0.072463768,0.067567568,1874.70383,0
663,56,0,na_english,4,0,100,0,11,0.072463768,0.067567568,992.143499,0
1702,55,9,arabic,1,0,91,0,6,0.072463768,0.070422535,449.761701,0
1785,43,22,arabic,1,0,68,0,6,0.072463768,0.070422535,10.1865491,0
1569,70,33,arabic,1,0,52,0,6,0.072463768,0.070422535,785.762663,0
218,46,18,italian,10,0,77,0,7,0.072463768,0.070422535,1442.31651,0
2165,24,0,na_english,4,0,100,0,11,0.072463768,0.070422535,879.415258,0
843,56,10,polish,14,1,90,0,6,0.072463768,0.070422535,1460.19482,0
476,28,11,spanish,16,0,85,0,5,0.072463768,0.070422535,995.794094,0
1488,30,6,thai,18,0,94,2,9,0.072463768,0.070422535,1407.15221,0
1899,24,13,arabic,1,1,82,0,6,0.072463768,0.071428571,1158.08245,0
1380,20,0,BI_english,3,1,100,0,11,0.072463768,0.071428571,1020.90028,0
1138,29,0,BI_english,3,0,100,0,11,0.072463768,0.071428571,1673.46063,0
1101,34,0,BI_english,3,0,100,0,11,0.072463768,0.071428571,929.62402,0
956,36,10,dutch,6,0,90,0,13,0.072463768,0.071428571,1844.76235,0
1473,21,13,dutch,6,1,82,0,13,0.072463768,0.071428571,1251.68099,0
221,25,12,japanese,11,1,83,1,5,0.072463768,0.071428571,1934.13478,0
1838,51,12,korean,12,1,83,0,10,0.072463768,0.071428571,2009.48122,0
2133,57,13,korean,12,1,82,0,10,0.072463768,0.071428571,1586.78141,0
719,49,20,mandarin,13,0,79,2,6,0.072463768,0.071428571,1854.94107,0
526,18,0,na_english,4,0,100,0,11,0.072463768,0.071428571,1276.66907,0
585,20,0,na_english,4,0,100,0,11,0.072463768,0.071428571,768.99006,0
2028,82,0,na_english,4,0,100,0,11,0.072463768,0.071428571,715.847313,0
842,30,15,polish,14,1,80,0,6,0.072463768,0.071428571,1117.78749,0
1097,23,17,russian,15,1,79,0,5,0.072463768,0.071428571,987.852877,0
1613,41,10,spanish,16,1,90,0,5,0.072463768,0.071428571,1652.46035,0
401,29,18,vietnamese,19,1,78,2,11,0.072463768,0.071428571,1560.74691,0
539,18,6,arabic,1,0,95,0,6,0.072463768,0.072463768,1494.66589,0
1393,18,16,arabic,1,0,80,0,6,0.072463768,0.072463768,741.900377,0
1536,20,0,BI_english,3,0,100,0,11,0.072463768,0.072463768,1064.3127,0
537,19,6,dutch,6,0,98,0,13,0.072463768,0.072463768,456.694618,0
1223,23,10,dutch,6,0,90,0,13,0.072463768,0.072463768,1543.27108,0
1306,42,14,french,7,0,81,0,12,0.072463768,0.072463768,1041.6612,0
635,24,10,german,8,0,90,0,8,0.072463768,0.072463768,101.223195,0
1984,49,14,italian,10,0,81,0,7,0.072463768,0.072463768,650.390535,0
1123,32,15,italian,10,0,80,0,7,0.072463768,0.072463768,1252.0691,0
641,30,18,italian,10,0,80,0,7,0.072463768,0.072463768,700.944323,0
1365,36,12,japanese,11,0,83,1,5,0.072463768,0.072463768,1201.85878,0
1382,37,12,japanese,11,1,83,1,5,0.072463768,0.072463768,1030.71256,0
1006,30,13,korean,12,1,82,0,10,0.072463768,0.072463768,704.051548,0
1943,21,17,korean,12,1,78,0,10,0.072463768,0.072463768,1029.17456,0
1792,25,10,mandarin,13,0,90,2,6,0.072463768,0.072463768,1174.02971,0
258,43,10,mandarin,13,0,90,2,6,0.072463768,0.072463768,762.45506,0
2047,22,0,na_english,4,1,100,0,11,0.072463768,0.072463768,246.903891,0
1100,48,0,na_english,4,0,100,0,11,0.072463768,0.072463768,954.350414,0
1549,24,7,polish,14,0,93,0,6,0.072463768,0.072463768,1138.69486,0
280,47,15,polish,14,1,80,0,6,0.072463768,0.072463768,1672.8241,0
1523,31,10,russian,15,0,90,0,5,0.072463768,0.072463768,1359.51087,0
1198,25,11,russian,15,1,85,0,5,0.072463768,0.072463768,704.281279,0
1314,31,14,russian,15,1,81,0,5,0.072463768,0.072463768,1133.5415,0
341,18,6,spanish,16,0,97,0,5,0.072463768,0.072463768,276.912173,0
1249,44,14,spanish,16,0,81,0,5,0.072463768,0.072463768,1279.85344,0
627,48,12,italian,10,0,84,0,7,0.086956522,0.083333333,1531.41736,0
2112,27,10,arabic,1,1,90,0,6,0.086956522,0.084507042,1982.12078,0
1769,28,10,arabic,1,1,90,0,6,0.086956522,0.084507042,1027.7754,0
1624,51,14,korean,12,0,81,0,10,0.086956522,0.084507042,1674.43862,0
1715,35,28,korean,12,1,63,0,10,0.086956522,0.084507042,1424.48539,0
2173,20,5,mandarin,13,1,96,2,6,0.086956522,0.084507042,1811.40016,0
2117,24,7,mandarin,13,0,93,2,6,0.086956522,0.084507042,450.336124,0
607,53,13,mandarin,13,1,82,2,6,0.086956522,0.084507042,1822.64858,0
1342,76,0,na_english,4,1,100,0,11,0.086956522,0.084507042,1947.00815,0
2159,40,10,arabic,1,1,90,0,6,0.086956522,0.085714286,1919.12298,0
2005,49,10,arabic,1,1,90,0,6,0.086956522,0.085714286,1852.44261,0
1456,32,12,arabic,1,1,83,0,6,0.086956522,0.085714286,1438.09197,0
1457,28,13,arabic,1,0,82,0,6,0.086956522,0.085714286,1221.6089,0
471,22,16,arabic,1,0,79,0,6,0.086956522,0.085714286,360.657772,0
22,21,17,arabic,1,0,78,0,6,0.086956522,0.085714286,1250.49758,0
625,43,18,arabic,1,0,77,0,6,0.086956522,0.085714286,1658.53445,0
553,24,8,italian,10,0,92,0,7,0.086956522,0.085714286,358.057237,0
220,47,11,italian,10,1,84,0,7,0.086956522,0.085714286,1847.47962,0
473,32,15,italian,10,1,81,0,7,0.086956522,0.085714286,1309.07551,0
1196,49,12,korean,12,1,83,0,10,0.086956522,0.085714286,1427.01987,0
1971,49,14,korean,12,0,81,0,10,0.086956522,0.085714286,680.544597,0
746,28,11,mandarin,13,1,84,2,6,0.086956522,0.085714286,917.785056,0
1141,31,12,mandarin,13,1,83,2,6,0.086956522,0.085714286,1594.56972,0
1581,32,12,mandarin,13,1,83,2,6,0.086956522,0.085714286,1586.834,0
1519,26,13,mandarin,13,1,82,2,6,0.086956522,0.085714286,1102.35358,0
685,29,13,mandarin,13,0,82,2,6,0.086956522,0.085714286,846.555745,0
958,22,14,polish,14,0,82,0,6,0.086956522,0.085714286,425.710254,0
2100,51,25,spanish,16,0,76,0,5,0.086956522,0.085714286,1348.96732,0
643,36,12,arabic,1,0,83,0,6,0.086956522,0.086956522,1270.30624,0
852,19,0,BI_english,3,0,100,0,11,0.086956522,0.086956522,844.006982,0
1619,53,12,german,8,1,83,0,8,0.086956522,0.086956522,1690.10371,0
1114,19,11,italian,10,0,85,0,7,0.086956522,0.086956522,760.519986,0
1991,44,13,japanese,11,1,82,1,5,0.086956522,0.086956522,1308.66218,0
1644,28,8,mandarin,13,1,93,2,6,0.086956522,0.086956522,1427.31092,0
796,26,13,mandarin,13,0,82,2,6,0.086956522,0.086956522,1251.64271,0
916,27,13,mandarin,13,0,82,2,6,0.086956522,0.086956522,2643.0371,0
257,38,14,mandarin,13,1,82,2,6,0.086956522,0.086956522,2147.1843,0
747,27,0,na_english,4,1,100,0,11,0.086956522,0.086956522,35.1567265,0
1996,43,0,na_english,4,1,100,0,11,0.086956522,0.086956522,878.243866,0
1666,88,0,na_english,4,1,100,0,11,0.086956522,0.086956522,1403.6004,0
728,20,6,polish,14,0,94,0,6,0.086956522,0.086956522,748.186487,0
1311,21,4,russian,15,0,65,0,5,0.086956522,0.086956522,871.632766,0
671,37,18,russian,15,0,77,0,5,0.086956522,0.086956522,533.8778,0
959,32,10,spanish,16,1,92,0,5,0.086956522,0.086956522,881.787894,0
337,32,11,spanish,16,1,84,0,5,0.086956522,0.086956522,774.435459,0
2013,18,4,vietnamese,19,1,75,2,11,0.086956522,0.086956522,1492.26984,0
774,59,0,BI_english,3,1,100,0,11,0.101449275,0.092105263,1139.10188,0
772,38,0,BI_english,3,0,100,0,11,0.101449275,0.093333333,1278.59852,0
773,42,0,BI_english,3,1,100,0,11,0.101449275,0.094594595,1099.20857,0
754,45,0,BI_english,3,0,100,0,11,0.101449275,0.095890411,50.4978538,0
2171,60,0,BI_english,3,0,100,0,11,0.101449275,0.095890411,980.868843,0
2109,41,13,mandarin,13,1,82,2,6,0.101449275,0.095890411,2174.87678,0
1749,21,9,polish,14,1,92,0,6,0.101449275,0.097222222,1193.52667,0
306,26,11,russian,15,1,84,0,5,0.101449275,0.097222222,1303.47277,0
1721,33,8,thai,18,0,93,2,9,0.101449275,0.097222222,1737.24952,0
419,21,0,BI_english,3,0,100,0,11,0.101449275,0.098591549,480.820737,0
302,50,10,russian,15,1,90,0,5,0.101449275,0.098591549,1367.55612,0
2155,19,4,arabic,1,1,96,0,6,0.101449275,0.1,2047.20854,1
1832,20,11,arabic,1,1,85,0,6,0.101449275,0.1,1512.33544,1
1662,66,12,french,7,1,83,0,12,0.101449275,0.1,676.092289,1
1685,21,10,german,8,1,90,0,8,0.101449275,0.1,1370.11274,1
1946,50,12,korean,12,1,83,0,10,0.101449275,0.1,1293.97263,1
1333,71,0,na_english,4,1,100,0,11,0.101449275,0.1,1610.3279,1
1345,80,0,na_english,4,1,100,0,11,0.101449275,0.1,875.384565,1
1654,20,10,polish,14,1,91,0,6,0.101449275,0.1,1091.28133,1
1708,84,18,russian,15,0,77,0,5,0.101449275,0.1,1175.93033,1
2099,21,16,vietnamese,19,0,80,2,11,0.101449275,0.1,1915.91494,1
1698,51,20,vietnamese,19,0,77,2,11,0.101449275,0.1,68.5756515,1
1688,22,0,BI_english,3,1,100,0,11,0.101449275,0.101449275,321.862296,1
149,31,0,BI_english,3,0,100,0,11,0.101449275,0.101449275,514.286211,1
628,19,12,french,7,0,84,0,12,0.101449275,0.101449275,680.783743,1
995,28,14,italian,10,0,83,0,7,0.101449275,0.101449275,210.25581,1
1948,40,13,japanese,11,1,82,1,5,0.101449275,0.101449275,938.430322,1
2075,32,27,korean,12,0,69,0,10,0.101449275,0.101449275,1059.13325,1
1900,25,10,mandarin,13,1,90,2,6,0.101449275,0.101449275,1846.44411,1
1579,27,12,mandarin,13,1,83,2,6,0.101449275,0.101449275,1072.77098,1
771,50,0,BI_english,3,0,100,0,11,0.115942029,0.105263158,964.952513,1
1700,34,9,arabic,1,0,91,0,6,0.115942029,0.111111111,1897.41719,1
1204,28,11,arabic,1,1,84,0,6,0.115942029,0.111111111,1243.49543,1
2022,35,19,arabic,1,1,77,0,6,0.115942029,0.111111111,1898.25501,1
1335,84,0,na_english,4,1,100,0,11,0.115942029,0.111111111,1470.65078,1
1810,55,15,arabic,1,1,80,0,6,0.115942029,0.112676056,1138.71781,1
222,27,12,japanese,11,1,83,1,5,0.115942029,0.112676056,783.342651,1
831,23,13,russian,15,0,83,0,5,0.115942029,0.112676056,591.59724,1
612,25,10,thai,18,0,90,2,9,0.115942029,0.112676056,1504.92161,1
1778,32,10,arabic,1,1,90,0,6,0.115942029,0.114285714,2226.15512,1
2087,36,10,arabic,1,0,90,0,6,0.115942029,0.114285714,691.982884,1
428,47,11,arabic,1,0,84,0,6,0.115942029,0.114285714,714.516355,1
1768,19,18,arabic,1,0,78,0,6,0.115942029,0.114285714,1783.97192,1
1642,21,0,BI_english,3,0,100,0,11,0.115942029,0.114285714,712.401763,1
1142,21,12,korean,12,0,83,0,10,0.115942029,0.114285714,333.74341,1
1815,48,12,korean,12,0,83,0,10,0.115942029,0.114285714,1441.99207,1
452,39,13,korean,12,1,82,0,10,0.115942029,0.114285714,628.821992,1
1491,27,13,mandarin,13,0,82,2,6,0.115942029,0.114285714,399.786962,1
1745,20,10,polish,14,1,90,0,6,0.115942029,0.114285714,1218.37739,1
353,24,10,swedish,17,0,90,1,9,0.115942029,0.114285714,1786.6664,1
920,23,10,arabic,1,1,90,0,6,0.115942029,0.115942029,1010.19206,1
1945,20,11,french,7,1,85,0,12,0.115942029,0.115942029,872.573269,1
1427,28,13,french,7,0,83,0,12,0.115942029,0.115942029,710.791048,1
545,25,10,german,8,0,90,0,8,0.115942029,0.115942029,859.899575,1
1679,25,6,italian,10,0,94,0,7,0.115942029,0.115942029,567.755154,1
761,20,8,italian,10,0,92,0,7,0.115942029,0.115942029,1219.59437,1
1145,19,8,korean,12,1,93,0,10,0.115942029,0.115942029,738.536528,1
1982,28,13,korean,12,0,82,0,10,0.115942029,0.115942029,776.260401,1
1580,32,10,mandarin,13,1,90,2,6,0.115942029,0.115942029,1335.76773,1
1910,26,11,mandarin,13,1,85,2,6,0.115942029,0.115942029,1336.53614,1
1615,34,13,mandarin,13,1,82,2,6,0.115942029,0.115942029,2261.54921,1
951,18,0,na_english,4,0,100,0,11,0.115942029,0.115942029,1324.03932,1
2066,39,10,thai,18,1,90,2,9,0.115942029,0.115942029,2139.45941,1
737,26,0,na_english,4,0,100,0,11,0.130434783,0.121621622,46.8142113,1
2154,19,4,arabic,1,1,96,0,6,0.130434783,0.125,1601.74988,1
1502,22,0,BI_english,3,1,100,0,11,0.130434783,0.125,315.201436,1
901,67,0,BI_english,3,1,100,0,11,0.130434783,0.125,621.748282,1
827,26,12,japanese,11,1,83,1,5,0.130434783,0.125,524.471248,1
451,38,12,mandarin,13,0,83,2,6,0.130434783,0.125,1171.06242,1
18,19,6,arabic,1,0,94,0,6,0.130434783,0.126760563,1259.30944,1
2003,61,0,BI_english,3,0,100,0,11,0.130434783,0.126760563,1399.30731,1
543,24,13,japanese,11,0,82,1,5,0.130434783,0.126760563,458.046896,1
224,20,15,japanese,11,0,81,1,5,0.130434783,0.126760563,1217.80016,1
240,19,17,korean,12,1,79,0,10,0.130434783,0.126760563,1026.37549,1
1005,42,40,korean,12,0,54,0,10,0.130434783,0.126760563,1064.82221,1
1583,24,12,mandarin,13,1,83,2,6,0.130434783,0.126760563,1381.96194,1
2131,19,7,thai,18,1,94,2,9,0.130434783,0.126760563,1041.27001,1
395,29,12,vietnamese,19,0,84,2,11,0.130434783,0.126760563,1855.93256,1
11,38,12,arabic,1,1,83,0,6,0.130434783,0.128571429,1612.42961,1
1062,28,15,french,7,0,81,0,12,0.130434783,0.128571429,287.720722,1
1686,21,8,italian,10,1,92,0,7,0.130434783,0.128571429,1097.51927,1
1690,49,14,korean,12,1,81,0,10,0.130434783,0.128571429,1456.7719,1
1793,26,6,mandarin,13,1,94,2,6,0.130434783,0.128571429,1927.54975,1
1990,20,12,mandarin,13,0,84,2,6,0.130434783,0.128571429,702.111044,1
1483,18,5,polish,14,0,96,0,6,0.130434783,0.128571429,640.291821,1
447,69,12,vietnamese,19,0,83,2,11,0.130434783,0.128571429,1245.55849,1
1459,29,12,arabic,1,0,83,0,6,0.130434783,0.130434783,1570.48243,1
1391,56,16,arabic,1,0,79,0,6,0.130434783,0.130434783,859.392249,1
1879,28,11,german,8,0,84,0,8,0.130434783,0.130434783,1161.58164,1
559,26,14,korean,12,0,81,0,10,0.130434783,0.130434783,1032.1971,1
750,32,10,mandarin,13,0,90,2,6,0.130434783,0.130434783,74.5833048,1
875,59,0,na_english,4,1,100,0,11,0.130434783,0.130434783,1361.8055,1
1096,58,41,russian,15,1,42,0,5,0.130434783,0.130434783,739.187828,1
924,67,39,spanish,16,0,60,0,5,0.130434783,0.130434783,1416.17862,1
1636,43,9,mandarin,13,1,91,2,6,0.144927536,0.133333333,1499.41122,1
437,40,33,arabic,1,0,55,0,6,0.144927536,0.136986301,734.388103,1
1325,34,0,na_english,4,0,100,0,11,0.15942029,0.1375,518.005572,1
1012,43,14,arabic,1,1,81,0,6,0.144927536,0.138888889,1281.9923,1
1741,23,11,italian,10,0,84,0,7,0.144927536,0.14084507,693.842738,1
1614,28,12,mandarin,13,0,83,2,6,0.144927536,0.14084507,1039.04636,1
260,31,12,mandarin,13,1,83,2,6,0.144927536,0.14084507,2068.93414,1
1582,33,12,mandarin,13,1,83,2,6,0.144927536,0.14084507,1432.67448,1
460,62,53,russian,15,0,34,0,5,0.144927536,0.14084507,157.317246,1
1784,50,14,arabic,1,0,81,0,6,0.144927536,0.142857143,4679.4068,1
638,19,0,BI_english,3,0,100,0,11,0.144927536,0.142857143,621.912777,1
2123,21,13,japanese,11,1,83,1,5,0.144927536,0.142857143,215.147105,1
1578,31,13,mandarin,13,1,82,2,6,0.144927536,0.142857143,1405.55066,1
1216,6,0,na_english,4,0,100,0,11,0.144927536,0.142857143,762.230974,1
305,25,15,russian,15,1,80,0,5,0.144927536,0.142857143,1390.75184,1
1103,18,6,thai,18,1,96,2,9,0.144927536,0.142857143,896.526713,1
1255,24,11,german,8,0,84,0,8,0.144927536,0.144927536,1117.9611,1
1452,77,24,german,8,1,74,0,8,0.144927536,0.144927536,1509.63108,1
1046,29,13,japanese,11,1,82,1,5,0.144927536,0.144927536,1149.96439,1
454,18,13,swedish,17,0,83,1,9,0.144927536,0.144927536,1003.03355,1
1405,22,5,arabic,1,0,96,0,6,0.15942029,0.150684932,480.723308,1
731,21,6,spanish,16,0,94,0,5,0.15942029,0.152777778,1560.29063,1
256,26,13,mandarin,13,1,82,2,6,0.15942029,0.154929577,1657.77294,1
1409,75,0,na_english,4,0,100,0,11,0.15942029,0.154929577,724.419108,1
1201,67,15,vietnamese,19,0,80,2,11,0.15942029,0.154929577,1552.67321,1
1115,30,12,arabic,1,0,83,0,6,0.15942029,0.157142857,1190.16991,1
1461,36,22,arabic,1,0,69,0,6,0.15942029,0.157142857,836.59112,1
1651,30,10,polish,14,0,90,0,6,0.15942029,0.157142857,926.609741,1
1901,25,11,arabic,1,0,84,0,6,0.173913043,0.157894737,1278.30719,1
1610,44,13,japanese,11,1,82,1,5,0.15942029,0.15942029,1188.62404,1
1490,24,4,mandarin,13,0,97,2,6,0.15942029,0.15942029,649.082987,1
2129,24,10,mandarin,13,1,90,2,6,0.15942029,0.15942029,1789.66833,1
1562,23,6,vietnamese,19,0,96,2,11,0.15942029,0.15942029,1977.625,1
2019,20,6,mandarin,13,1,95,2,6,0.173913043,0.164383562,1648.78303,1
614,20,3,spanish,16,0,47,0,5,0.173913043,0.164383562,1587.92423,1
1181,47,12,arabic,1,1,83,0,6,0.173913043,0.166666667,1129.55957,1
483,34,13,korean,12,0,82,0,10,0.173913043,0.166666667,176.871173,1
17,24,9,arabic,1,0,91,0,6,0.173913043,0.169014085,680.690566,1
811,20,9,french,7,0,92,0,12,0.173913043,0.169014085,1019.04798,1
1909,25,13,mandarin,13,1,83,2,6,0.173913043,0.169014085,2396.88534,1
351,56,11,swedish,17,1,84,1,9,0.173913043,0.169014085,1637.33611,1
900,66,0,BI_english,3,0,100,0,11,0.173913043,0.173913043,609.151834,1
733,20,8,italian,10,0,92,0,7,0.173913043,0.173913043,917.372413,1
698,27,11,thai,18,0,85,2,9,0.173913043,0.173913043,2901.90275,1
2020,78,50,italian,10,1,55,0,7,0.188405797,0.180555556,1369.14269,1
277,26,23,polish,14,1,70,0,6,0.202898551,0.181818182,1357.39013,1
2036,23,12,arabic,1,1,83,0,6,0.188405797,0.183098592,1662.60752,1
1116,19,17,arabic,1,0,79,0,6,0.188405797,0.183098592,898.930691,1
516,19,0,BI_english,3,0,100,0,11,0.188405797,0.183098592,330.097996,1
1645,37,12,mandarin,13,0,83,2,6,0.188405797,0.183098592,1783.01998,1
769,20,11,polish,14,0,84,0,6,0.188405797,0.183098592,1351.56966,1
20,21,14.5,arabic,1,0,81,0,6,0.188405797,0.185714286,721.414639,1
1118,21,14,korean,12,1,82,0,10,0.188405797,0.185714286,1137.45719,1
1862,55,14,korean,12,0,81,0,10,0.188405797,0.185714286,103.817438,1
372,20,10,thai,18,0,92,2,9,0.188405797,0.185714286,942.222791,1
1043,20,8,italian,10,0,92,0,7,0.188405797,0.188405797,963.980992,1
1543,33,10,italian,10,1,92,0,7,0.188405797,0.188405797,130.6654,1
243,21,12,korean,12,1,84,0,10,0.188405797,0.188405797,1082.77213,1
300,20,5,russian,15,1,96,0,5,0.188405797,0.188405797,1204.80661,1
1421,25,7,arabic,1,0,93,0,6,0.202898551,0.189189189,397.436605,1
72,7,0,na_english,4,1,100,0,11,0.202898551,0.189189189,31.063002,1
472,26,10,russian,15,0,92,0,5,0.202898551,0.191780822,882.493049,1
1643,22,10,french,7,0,90,0,12,0.202898551,0.197183099,713.645282,1
2086,57,12,arabic,1,1,83,0,6,0.217391304,0.2,873.404279,2
970,40,7,arabic,1,0,93,0,6,0.217391304,0.202702703,630.641616,2
1007,21,8,korean,12,0,92,0,10,0.217391304,0.214285714,1145.07924,2
1044,46,13,mandarin,13,1,82,2,6,0.217391304,0.214285714,1537.10404,2
238,29,13,korean,12,0,82,0,10,0.231884058,0.216216216,1638.16251,2
608,31,31,korean,12,0,57,0,10,0.217391304,0.217391304,953.111108,2
1736,21,10,mandarin,13,0,90,2,6,0.217391304,0.217391304,1286.52779,2
1829,69,7,thai,18,1,93,2,9,0.217391304,0.217391304,1974.02033,2
1920,22,21,arabic,1,0,71,0,6,0.231884058,0.222222222,496.145976,2
898,26,10,thai,18,1,90,2,9,0.231884058,0.222222222,2288.13041,2
872,29,13,mandarin,13,1,82,2,6,0.231884058,0.225352113,173.380029,2
633,32,12,french,7,0,83,0,12,0.231884058,0.228571429,177.763004,2
620,26,7,swedish,17,0,93,1,9,0.231884058,0.231884058,166.273423,2
371,25,10,thai,18,1,90,2,9,0.231884058,0.231884058,2302.91915,2
278,26,25,polish,14,1,67,0,6,0.246376812,0.232876712,708.608723,2
448,23,7,thai,18,1,93,2,9,0.246376812,0.242857143,1520.36472,2
1055,37,25,thai,18,0,77,2,9,0.246376812,0.242857143,2022.93585,2
1336,62,0,na_english,4,0,100,0,11,0.275362319,0.246753247,505.859585,2
2098,22,7,korean,12,1,93,0,10,0.260869565,0.25,612.234584,2
1544,26,0,BI_english,3,0,100,0,11,0.260869565,0.257142857,534.06501,2
430,29,12,mandarin,13,0,83,2,6,0.260869565,0.257142857,1435.61617,2
398,25,15,vietnamese,19,1,81,2,11,0.260869565,0.257142857,1199.10099,2
954,46,10,russian,15,1,90,0,5,0.275362319,0.263888889,862.6174,2
397,28,9,vietnamese,19,1,91,2,11,0.275362319,0.267605634,1168.10071,2
1617,24,15,mandarin,13,1,80,2,6,0.289855072,0.277777778,724.636886,2
2042,46,25,vietnamese,19,1,65,2,11,0.289855072,0.281690141,1064.57969,2
1134,20,14,vietnamese,19,0,83,2,11,0.289855072,0.289855072,828.469477,2
1631,42,12,mandarin,13,1,83,2,6,0.347826087,0.307692308,1420.87406,2
1458,39,16,arabic,1,0,79,0,6,0.347826087,0.311688312,837.62135,2
1663,62,13,korean,12,1,82,0,10,0.333333333,0.319444444,852.639833,2
304,68,38,russian,15,1,49,0,5,0.347826087,0.333333333,782.93415,2
1809,29,15,vietnamese,19,0,80,2,11,0.376811594,0.361111111,1314.85754,2
399,34,31,vietnamese,19,0,60,2,11,0.391304348,0.375,1614.10962,2
1673,18,13,thai,18,0,84,2,9,0.434782609,0.379746835,2397.06955,2
1732,22,8,spanish,16,1,94,0,5,0.391304348,0.38028169,315.385392,2
1616,47,16,mandarin,13,1,79,2,6,0.463768116,0.426666667,1389.47068,2
326,25,8,spanish,16,0,92,0,5,0.449275362,0.436619718,559.345052,2
1422,21,13,arabic,1,0,82,0,6,0.47826087,0.452054795,500.472517,2
400,41,12,vietnamese,19,0,83,2,11,0.492753623,0.478873239,1337.30792,2
396,29,25,vietnamese,19,0,70,2,11,0.536231884,0.521126761,1398.1842,2
